<pmc-articleset>
  <article xmlns:ali="http://www.niso.org/schemas/ali/1.0/" xmlns:mml="http://www.w3.org/1998/Math/MathML" xmlns:xlink="http://www.w3.org/1999/xlink" article-type="research-article" dtd-version="1.3">
    <?properties open_access?>
    <processing-meta base-tagset="archiving" mathml-version="3.0" table-model="xhtml" tagset-family="jats">
      <restricted-by>pmc</restricted-by>
    </processing-meta>
    <front>
      <journal-meta>
        <journal-id journal-id-type="nlm-ta">Eur J Health Econ</journal-id>
        <journal-id journal-id-type="iso-abbrev">Eur J Health Econ</journal-id>
        <journal-title-group>
          <journal-title>The European Journal of Health Economics</journal-title>
        </journal-title-group>
        <issn pub-type="ppub">1618-7598</issn>
        <issn pub-type="epub">1618-7601</issn>
        <publisher>
          <publisher-name>Springer Berlin Heidelberg</publisher-name>
          <publisher-loc>Berlin/Heidelberg</publisher-loc>
        </publisher>
      </journal-meta>
      <article-meta>
        <article-id pub-id-type="pmid">37486557</article-id>
        <article-id pub-id-type="pmc">11136791</article-id>
        <article-id pub-id-type="publisher-id">1617</article-id>
        <article-id pub-id-type="doi">10.1007/s10198-023-01617-3</article-id>
        <article-categories>
          <subj-group subj-group-type="heading">
            <subject>Original Paper</subject>
          </subj-group>
        </article-categories>
        <title-group>
          <article-title>Cost-effectiveness model of trastuzumab deruxtecan as second-line treatment in HER2-positive unresectable and/or metastatic breast cancer in Finland</article-title>
        </title-group>
        <contrib-group>
          <contrib contrib-type="author" corresp="yes">
            <contrib-id contrib-id-type="orcid">http://orcid.org/0000-0003-2742-9870</contrib-id>
            <name>
              <surname>Paulissen</surname>
              <given-names>Jeroen H. J.</given-names>
            </name>
            <address>
              <email>j.h.j.paulissen@umcg.nl</email>
            </address>
            <xref ref-type="aff" rid="Aff1">1</xref>
            <xref ref-type="aff" rid="Aff2">2</xref>
          </contrib>
          <contrib contrib-type="author">
            <contrib-id contrib-id-type="orcid">http://orcid.org/0000-0001-5783-2914</contrib-id>
            <name>
              <surname>Seddik</surname>
              <given-names>Ahmed H.</given-names>
            </name>
            <xref ref-type="aff" rid="Aff3">3</xref>
          </contrib>
          <contrib contrib-type="author">
            <name>
              <surname>Dunton</surname>
              <given-names>Kyle J.</given-names>
            </name>
            <xref ref-type="aff" rid="Aff4">4</xref>
          </contrib>
          <contrib contrib-type="author">
            <name>
              <surname>Livings</surname>
              <given-names>Christopher J.</given-names>
            </name>
            <xref ref-type="aff" rid="Aff5">5</xref>
          </contrib>
          <contrib contrib-type="author">
            <contrib-id contrib-id-type="orcid">http://orcid.org/0000-0003-3216-7246</contrib-id>
            <name>
              <surname>van Hulst</surname>
              <given-names>Marinus</given-names>
            </name>
            <xref ref-type="aff" rid="Aff1">1</xref>
            <xref ref-type="aff" rid="Aff6">6</xref>
          </contrib>
          <contrib contrib-type="author">
            <contrib-id contrib-id-type="orcid">http://orcid.org/0000-0002-6306-3653</contrib-id>
            <name>
              <surname>Postma</surname>
              <given-names>Maarten J.</given-names>
            </name>
            <xref ref-type="aff" rid="Aff1">1</xref>
          </contrib>
          <contrib contrib-type="author">
            <contrib-id contrib-id-type="orcid">http://orcid.org/0000-0001-8814-0670</contrib-id>
            <name>
              <surname>de Jong</surname>
              <given-names>Lisa A.</given-names>
            </name>
            <xref ref-type="aff" rid="Aff1">1</xref>
          </contrib>
          <contrib contrib-type="author">
            <contrib-id contrib-id-type="orcid">http://orcid.org/0000-0002-9458-1832</contrib-id>
            <name>
              <surname>Freriks</surname>
              <given-names>Roel D.</given-names>
            </name>
            <xref ref-type="aff" rid="Aff2">2</xref>
            <xref ref-type="aff" rid="Aff7">7</xref>
          </contrib>
          <aff id="Aff1"><label>1</label><institution-wrap><institution-id institution-id-type="ROR">https://ror.org/03cv38k47</institution-id><institution-id institution-id-type="GRID">grid.4494.d</institution-id><institution-id institution-id-type="ISNI">0000 0000 9558 4598</institution-id><institution>Department of Health Sciences, </institution><institution>University Medical Center Groningen, </institution></institution-wrap>Groningen, The Netherlands </aff>
          <aff id="Aff2"><label>2</label>Asc Academics, Groningen, The Netherlands </aff>
          <aff id="Aff3"><label>3</label><institution-wrap><institution-id institution-id-type="GRID">grid.488273.2</institution-id><institution-id institution-id-type="ISNI">0000 0004 0623 5599</institution-id><institution>Daiichi Sankyo Europe GmbH, </institution></institution-wrap>Munich, Germany </aff>
          <aff id="Aff4"><label>4</label>Daiichi Sankyo UK Ltd, Uxbridge, UK </aff>
          <aff id="Aff5"><label>5</label><institution-wrap><institution-id institution-id-type="GRID">grid.417815.e</institution-id><institution-id institution-id-type="ISNI">0000 0004 5929 4381</institution-id><institution>AstraZeneca Plc., </institution></institution-wrap>Cambridge, UK </aff>
          <aff id="Aff6"><label>6</label><institution-wrap><institution-id institution-id-type="GRID">grid.416468.9</institution-id><institution-id institution-id-type="ISNI">0000 0004 0631 9063</institution-id><institution>Department of Clinical Pharmacy and Toxicology, </institution><institution>Martini Hospital, </institution></institution-wrap>Groningen, The Netherlands </aff>
          <aff id="Aff7"><label>7</label><institution-wrap><institution-id institution-id-type="ROR">https://ror.org/012p63287</institution-id><institution-id institution-id-type="GRID">grid.4830.f</institution-id><institution-id institution-id-type="ISNI">0000 0004 0407 1981</institution-id><institution>Department of Economics, Econometrics and Finance, Faculty of Economics &amp; Business, </institution><institution>University of Groningen, </institution></institution-wrap>Groningen, The Netherlands </aff>
        </contrib-group>
        <pub-date pub-type="epub">
          <day>24</day>
          <month>7</month>
          <year>2023</year>
        </pub-date>
        <pub-date pub-type="pmc-release">
          <day>24</day>
          <month>7</month>
          <year>2023</year>
        </pub-date>
        <pub-date pub-type="ppub">
          <year>2024</year>
        </pub-date>
        <volume>25</volume>
        <issue>4</issue>
        <fpage>689</fpage>
        <lpage>699</lpage>
        <history>
          <date date-type="received">
            <day>27</day>
            <month>1</month>
            <year>2023</year>
          </date>
          <date date-type="accepted">
            <day>26</day>
            <month>6</month>
            <year>2023</year>
          </date>
        </history>
        <permissions>
          <copyright-statement>© The Author(s) 2023</copyright-statement>
          <license>
            <ali:license_ref specific-use="textmining" content-type="ccbylicense">https://creativecommons.org/licenses/by/4.0/</ali:license_ref>
            <license-p><bold>Open Access</bold> This article is licensed under a Creative Commons Attribution 4.0 International License, which permits use, sharing, adaptation, distribution and reproduction in any medium or format, as long as you give appropriate credit to the original author(s) and the source, provide a link to the Creative Commons licence, and indicate if changes were made. The images or other third party material in this article are included in the article's Creative Commons licence, unless indicated otherwise in a credit line to the material. If material is not included in the article's Creative Commons licence and your intended use is not permitted by statutory regulation or exceeds the permitted use, you will need to obtain permission directly from the copyright holder. To view a copy of this licence, visit <ext-link ext-link-type="uri" xlink:href="https://creativecommons.org/licenses/by/4.0/">http://creativecommons.org/licenses/by/4.0/</ext-link>.</license-p>
          </license>
        </permissions>
        <kwd-group xml:lang="en">
          <title>Keywords</title>
          <kwd>Cost-effectiveness</kwd>
          <kwd>Breast cancer</kwd>
          <kwd>Metastatic</kwd>
          <kwd>HER2-positive</kwd>
          <kwd>Trastuzumab deruxtecan</kwd>
        </kwd-group>
        <kwd-group xml:lang="--">
          <title>JEL Classification</title>
          <kwd>D61</kwd>
        </kwd-group>
        <funding-group>
          <award-group>
            <funding-source>
              <institution>Daiichi Sankyo International</institution>
            </funding-source>
          </award-group>
        </funding-group>
        <funding-group>
          <award-group>
            <funding-source>
              <institution-wrap>
                <institution-id institution-id-type="FundRef">http://dx.doi.org/10.13039/100004325</institution-id>
                <institution>AstraZeneca</institution>
              </institution-wrap>
            </funding-source>
          </award-group>
        </funding-group>
        <custom-meta-group>
          <custom-meta>
            <meta-name>issue-copyright-statement</meta-name>
            <meta-value>© Springer-Verlag GmbH Germany, part of Springer Nature 2024</meta-value>
          </custom-meta>
        </custom-meta-group>
      </article-meta>
    </front>
    <body>
      <sec id="Sec1">
        <title>Introduction</title>
        <p id="Par5">Breast cancer was the cause of 968 deaths in Finland in 2020 and, with 4885 new cases that year, it was also the most common newly diagnosed cancer [<xref ref-type="bibr" rid="CR1">1</xref>]. Patients with unresectable and/or metastatic breast cancer (uBC and/or mBC) experience significantly impacted quality of life [<xref ref-type="bibr" rid="CR2">2</xref>], and disease management is associated with high costs [<xref ref-type="bibr" rid="CR3">3</xref>]. Though mBC is treatable, it remains incurable, and breast cancer subtype is a strong predictor of survival [<xref ref-type="bibr" rid="CR4">4</xref>]. A subtype of interest for targeted treatments is human epidermal growth factor receptor 2 overexpressing (HER2-positive) disease, which accounts for approximately 15–20% of breast cancers [<xref ref-type="bibr" rid="CR5">5</xref>].</p>
        <p id="Par6">In the past two decades, treatment advances and the rise of monoclonal antibodies have improved survival outcomes for HER2-positive advanced breast cancer patients, and targeted therapies are approved for multiple lines in the treatment pathway for HER2-positive mBC [<xref ref-type="bibr" rid="CR6">6</xref>]. In the first line, the European Society for Medical Oncology (ESMO) clinical practices guidelines for advanced breast cancer recommend the combination of trastuzumab–pertuzumab–taxane as standard for HER2-positive mBC [<xref ref-type="bibr" rid="CR7">7</xref>]. In the second line, ado-trastuzumab emtansine (T-DM1) had been the gold standard for this indication since 2012 based on the EMILIA trial results, and until recently, there had been no advances in second-line treatment since its introduction [<xref ref-type="bibr" rid="CR4">4</xref>, <xref ref-type="bibr" rid="CR7">7</xref>].</p>
        <p id="Par7">Trastuzumab deruxtecan (T-DXd) is an HER2-directed antibody–drug conjugate that was recently recommended by the Committee for Medicinal Products for Human Use for approval as indicated for adult patients with HER2-positive uBC and/or mBC who had received a prior anti-HER2-based regimen [<xref ref-type="bibr" rid="CR8">8</xref>]. Approval was recommended based on results from the phase 3 DESTINY-Breast03 (DB-03) trial, which compared T-DXd with T-DM1 in patients previously treated with a taxane and trastuzumab. T-DXd demonstrated improved progression-free survival (PFS, hazard ratio [HR] 0.28; 95% CI 0.22 to 0.37; <italic>p</italic> &lt; 0.001) and overall survival (OS, HR 0.55; 95% CI 0.36 to 0.86; <italic>p</italic> = 0.007, prespecified significance boundary not reached) compared with T-DM1 [<xref ref-type="bibr" rid="CR9">9</xref>]. The ESMO guidelines now recommend T-DXd as the preferred second-line treatment for HER2-positive uBC and/or mBC [<xref ref-type="bibr" rid="CR7">7</xref>].</p>
        <p id="Par8">The aim of this study was to evaluate the cost-effectiveness of T-DXd compared with T-DM1 as a second-line treatment for adult patients with HER2-positive uBC and/or mBC previously treated with trastuzumab and a taxane in Finland.</p>
      </sec>
      <sec id="Sec2">
        <title>Methods</title>
        <p id="Par9">A partitioned survival analysis (PartSA) model, widely used to assess cost-effectiveness in oncology treatments, was developed in Microsoft Excel (2016) to evaluate the cost-effectiveness of T-DXd compared with T-DM1 as a second-line treatment for adult patients with HER2-positive uBC and/or mBC previously treated with trastuzumab and a taxane in Finland. The model compared T-DXd with T-DM1, and model structure and inputs were determined using clinical trial data (DB-03; data cutoff date: May 21, 2021; median duration of follow-up: 16.2 months [0–32.7] with T-DXd and 15.3 months [0–31.3] with T-DM1), literature reviews, and consultation with clinical and health economic experts. The analysis was conducted from a payer’s perspective, aligned with previous Fimea assessments [<xref ref-type="bibr" rid="CR10">10</xref>, <xref ref-type="bibr" rid="CR11">11</xref>]. Outcomes were the incremental cost-effectiveness ratio (ICER) calculated as cost per quality-adjusted life year (QALY) gained and the ICER calculated as cost per life year (LY) gained. A discount rate for costs and effects of 3% per annum was applied [<xref ref-type="bibr" rid="CR12">12</xref>]. The cycle length was 3 weeks, aligned with the dosing schedule from DB-03. This cycle length was short enough to capture clinically and economically meaningful events between cycles. Half-cycle correction was applied. A lifetime horizon of 41 years was used in the base case analysis to capture all essential costs and health effects [<xref ref-type="bibr" rid="CR12">12</xref>]. Additionally, several analyses were performed to determine the model sensitivity to parameter uncertainty, including a one-way sensitivity analysis (OWSA) and a probabilistic sensitivity analysis (PSA), and scenario analyses were performed to assess the robustness of the model.</p>
        <p id="Par10">The study followed the Professional Society for Health Economics and Outcomes Research (ISPOR) Consolidated Health Economic Evaluation Reporting Standards (CHEERS) checklist and adhered to good reporting practice for health economic evaluations [<xref ref-type="bibr" rid="CR13">13</xref>].</p>
        <sec id="Sec3">
          <title>Patient characteristics</title>
          <p id="Par11">The modelled cohort comprised patients aged 18 years or older with HER2-positive uBC and/or mBC previously treated with trastuzumab and a taxane, based on the patient population from the DB-03 trial [<xref ref-type="bibr" rid="CR9">9</xref>]. The mean age of the model cohort was 54.4 years, the proportion of female patients was 99.6%, and the average weight and body surface area were 62.40 kg and 1.65m<sup>2</sup>, respectively (Table <xref rid="Tab1" ref-type="table">1</xref>), based on the unpublished DB-03 clinical study report. These characteristics were used to calculate age- and sex-dependent inputs (such as general population mortality) and drug dosing requirements.<table-wrap id="Tab1"><label>Table 1</label><caption><p>Summary of model inputs for patient characteristics and medical, resource use, and adverse event costs</p></caption><table frame="hsides" rules="groups"><thead><tr><th align="left">Parameter</th><th align="left" colspan="3">Model input</th><th align="left">Reference</th></tr></thead><tbody><tr><td align="left" colspan="5"><bold>Patient characteristics</bold></td></tr><tr><td align="left">Mean age</td><td align="left" colspan="3">54.4 years</td><td align="left" rowspan="4">DB-03 clinical study report</td></tr><tr><td align="left">Percent female</td><td align="left" colspan="3">99.6%</td></tr><tr><td align="left">Average weight</td><td align="left" colspan="3">62.40 kg</td></tr><tr><td align="left">Average body surface area</td><td align="left" colspan="3">1.65 m<sup>2</sup></td></tr><tr><td align="left" colspan="5"><bold>Costs</bold></td></tr><tr><td align="left">Drug</td><td align="left" colspan="2">Costs (per vial)</td><td align="left">Dose (every 3 weeks)</td><td align="left"/></tr><tr><td align="left"> T-DXd 100 mg</td><td align="left" colspan="2">€1660.00</td><td align="left">5.4 mg/kg</td><td align="left" rowspan="3">DB-03 clinical study report, Kela [<xref ref-type="bibr" rid="CR14">14</xref>]</td></tr><tr><td align="left"> T-DM1 100 mg</td><td align="left" colspan="2">€1817.45</td><td align="left">3.6 mg/kg</td></tr><tr><td align="left"> T-DM1 160 mg</td><td align="left" colspan="2">€2907.92</td><td align="left">3.6 mg/kg</td></tr><tr><td align="left" colspan="5"><bold>Administration costs</bold></td></tr><tr><td align="left">Oral</td><td align="left" colspan="3">€0</td><td align="left">Assumption</td></tr><tr><td align="left">Parenteral</td><td align="left" colspan="3">€160<sup>a</sup></td><td align="left">HUH [<xref ref-type="bibr" rid="CR15">15</xref>]</td></tr><tr><td align="left" colspan="5"><bold>Health state utilities</bold></td></tr><tr><td align="left"/><td align="left" colspan="2">T-DXd</td><td align="left">T-DM1</td><td align="left"/></tr><tr><td align="left">Progression free</td><td align="left" colspan="2">0.8181</td><td align="left">0.8009</td><td align="left">DB-03 clinical study report</td></tr><tr><td align="left">Progressed</td><td align="left" colspan="2">0.5403</td><td align="left">0.5403</td><td align="left">DB-03 clinical study report, Lloyd et al. [<xref ref-type="bibr" rid="CR16">16</xref>]</td></tr><tr><td align="left" colspan="5"><bold>Resource use and costs</bold></td></tr><tr><td align="left">Resource</td><td align="left" colspan="2">Cost</td><td align="left">Number per cycle</td><td align="left"/></tr><tr><td align="left"> Specialist physician/oncologist<sup><bold>b</bold></sup></td><td align="left" colspan="2">€86.86<sup>c</sup></td><td align="left">0.27</td><td align="left">Mäklin et al., Fimea T-DXd [<xref ref-type="bibr" rid="CR10">10</xref>, <xref ref-type="bibr" rid="CR17">17</xref>]</td></tr><tr><td align="left"> Blood tests<sup><bold>b</bold></sup></td><td align="left" colspan="2">€21.24<sup>d</sup></td><td align="left">1.02</td><td align="left">[<xref ref-type="bibr" rid="CR10">10</xref>, <xref ref-type="bibr" rid="CR17">17</xref>]</td></tr><tr><td align="left"> ECHO/MUGA-scanning, cardiological examination<sup><bold>b</bold></sup></td><td align="left" colspan="2">€269.99<sup>e</sup></td><td align="left">0.09</td><td align="left">[<xref ref-type="bibr" rid="CR10">10</xref>, <xref ref-type="bibr" rid="CR17">17</xref>]</td></tr><tr><td align="left"> CT scanning<sup><bold>b</bold></sup></td><td align="left" colspan="2">€161.16<sup>f</sup></td><td align="left">0.27</td><td align="left">[<xref ref-type="bibr" rid="CR10">10</xref>, <xref ref-type="bibr" rid="CR17">17</xref>]</td></tr><tr><td align="left"> Nurse visit<sup><bold>b</bold></sup></td><td align="left" colspan="2">€36.63<sup>c</sup></td><td align="left">0.45</td><td align="left">[<xref ref-type="bibr" rid="CR10">10</xref>, <xref ref-type="bibr" rid="CR17">17</xref>]</td></tr><tr><td align="left" colspan="5">End of life</td></tr><tr><td align="left"> Last 60 days of life</td><td align="left" colspan="2">€9148.17</td><td align="left">20%</td><td align="left">Haltia et al. [<xref ref-type="bibr" rid="CR18">18</xref>]</td></tr><tr><td align="left" colspan="5"><bold>Adverse event costs (per event)</bold></td></tr><tr><td align="left">Adverse event</td><td align="left" colspan="3">Costs</td><td align="left"/></tr><tr><td align="left"> Neutrophil count decrease</td><td align="left" colspan="3">€258.48</td><td align="left">Mäklin et al. [<xref ref-type="bibr" rid="CR17">17</xref>]</td></tr><tr><td align="left"> Anaemia</td><td align="left" colspan="3">€1189.86</td><td align="left">Mäklin et al., Fimea Nivolumab [<xref ref-type="bibr" rid="CR11">11</xref>, <xref ref-type="bibr" rid="CR17">17</xref>]</td></tr><tr><td align="left"> White blood cell decrease</td><td align="left" colspan="3">€258.48</td><td align="left">[<xref ref-type="bibr" rid="CR17">17</xref>]</td></tr><tr><td align="left"> Platelet count decrease</td><td align="left" colspan="3">€258.48</td><td align="left">[<xref ref-type="bibr" rid="CR17">17</xref>]</td></tr><tr><td align="left"> Nausea</td><td align="left" colspan="3">€238.60</td><td align="left">[<xref ref-type="bibr" rid="CR17">17</xref>]</td></tr><tr><td align="left"> Increased AST</td><td align="left" colspan="3">€ 238.60</td><td align="left">[<xref ref-type="bibr" rid="CR17">17</xref>]</td></tr><tr><td align="left"> ILD</td><td align="left" colspan="3">€4112.70</td><td align="left">[<xref ref-type="bibr" rid="CR17">17</xref>]</td></tr><tr><td align="left"> LVEF decrease</td><td align="left" colspan="3">€3189.70</td><td align="left">[<xref ref-type="bibr" rid="CR17">17</xref>]</td></tr></tbody></table><table-wrap-foot><p><italic>AST</italic> aspartate aminotransferase, <italic>CT</italic> computerized tomography, <italic>DB</italic>-<italic>03</italic> DESTINY-Breast03, <italic>ECHO</italic> echocardiogram, <italic>HUH</italic> Helsinki University Hospital, <italic>ILD</italic> interstitial lung disease, <italic>LVEF</italic> left ventricular ejection fraction, <italic>MUGA</italic> multigated acquisition, <italic>T</italic>-<italic>DM1</italic> ado-trastuzumab emtansine, <italic>T</italic>-<italic>DXd</italic> trastuzumab deruxtecan</p><p><sup>a</sup>V1182010/V1182011/V1182012</p><p><sup>b</sup>Used in both progression-free and post-progression health states</p><p><sup>c</sup>Outpatient care</p><p><sup>d</sup>Codes combined: 2474, 1552, 2203, 4520, 4594, 2516/6024, 4586, 1999, 1046/4587, 1128/4591, 1026/1024</p><p><sup>e</sup>NA3BG</p><p><sup>f</sup>NA3AD</p></table-wrap-foot></table-wrap></p>
        </sec>
        <sec id="Sec4">
          <title>Model structure</title>
          <p id="Par12">A three-state PartSA model was developed consisting of three health states: progression free, post-progression, and death (Fig. <xref rid="Fig1" ref-type="fig">1</xref>). Health states were mutually exclusive. Patients entered the model in the progression-free state and received either T-DXd or T-DM1. Patients in this state could remain progression free, their disease could progress, or they could die. Patients could remain progression free while receiving T-DXd or T-DM1 (on treatment) or patients could remain progression free without receiving treatment (off treatment). Off-treatment patients were not able to return to treatment at a later time point. Patients in the post-progression state could not return to the progression-free state, but they could remain alive in the post-progression state, or they could die.<fig id="Fig1"><label>Fig. 1</label><caption><p>Structure of the PartSA model demonstrating the health state membership across time for the progression-free (on treatment and off treatment), post-progression, and death health states. <italic>OS</italic> overall survival, <italic>PartSA</italic> partitioned survival analysis, <italic>PFS</italic> progression-free survival, <italic>S</italic>(<italic>t</italic>) survival over time, <italic>t</italic> time, <italic>TTD</italic> time to treatment discontinuation</p></caption><graphic xlink:href="10198_2023_1617_Fig1_HTML" id="MO1"/></fig></p>
          <p id="Par13">State membership was determined from the PFS and OS curves reported in the DB-03 trial, as shown in Fig. <xref rid="Fig1" ref-type="fig">1</xref>. PFS was used to determine the proportion of patients in the progression-free health state over time. OS was used to inform membership in the death state. For the post-progression state, state membership was derived from the difference between the OS and PFS curve at each time point. Time to treatment discontinuation (TTD) data from DB-03 was used to distinguish between patients in the progression-free state who are on treatment and those who are off treatment.</p>
        </sec>
        <sec id="Sec5">
          <title>Clinical parameters</title>
          <p id="Par14">Standard parametric models—exponential, Weibull, Gompertz, log-logistic, log-normal, generalized gamma, and gamma—were fitted to the TTD and PFS data from DB-03 using their distribution parameters (Table 1—Supplementary Information 1) [<xref ref-type="bibr" rid="CR12">12</xref>]. The best fit was selected based on goodness-of-fit statistics, visual inspection, and clinical plausibility of the long-term extrapolations. For OS, an alternative approach was used, described in detail below.</p>
          <sec id="Sec6">
            <title>Time to treatment discontinuation and progression-free survival</title>
            <p id="Par15">In the base case, TTD data from DB-03 were directly extrapolated to estimate TTD for patients in the T-DM1 and T-DXd arms, and the log-normal distribution was used for both arms. PFS data from DB-03 were also directly extrapolated to estimate PFS for patients in the T-DM1 and T-DXd arms in the base case. The log-normal was the best fit for T-DXd, while the generalized gamma provided the best fit for T-DM1; however, the Pharmaceutical Pricing Board guidelines suggest fitting separate parametric models of the same type to both arms [<xref ref-type="bibr" rid="CR12">12</xref>]. Furthermore, the log-normal distribution resulted in the closest median PFS to the median PFS observed in DB-03 for T-DXd (investigator assessed) and T-DM1 (assessed by BICR)—25.1 and 6.8 months, respectively (Tables 3 and 5—Supplementary Information 1), based on the unpublished DB-03 clinical study report. Thus, log-normal distributions were used for both arms (Table 2 and 4—Supplementary Information 1). The resulting PFS curves for T-DXd and T-DM1 are shown in Fig. <xref rid="Fig2" ref-type="fig">2</xref>.<fig id="Fig2"><label>Fig. 2</label><caption><p>Kaplan–Meier survival curves and resulting survival curves used in the model for PFS (<bold>A</bold>) and OS (<bold>B</bold>). Kaplan–Meier curves were constructed based on the unpublished DB-03 clinical study report. Log-normal parametric distributions were fitted to the Kaplan–Meier curve for PFS of T-DXd and T-DM1. Generalized gamma parametric distribution was fitted to the digitized T-DM1 Kaplan–Meier curve for OS from EMILIA [<xref ref-type="bibr" rid="CR1">1</xref>] and attached to the Kaplan–Meier survival curve to create T-DM1 OS estimates. The resulting OS curve for T-DM1, Kaplan–Meier survival curve for T-DXd, and HR from DB-03 were used to create T-DXd OS estimates. <italic>DB-03</italic> DESTINY-Breast03, <italic>KM</italic> Kaplan–Meier, <italic>OS</italic> overall survival, <italic>PFS</italic> progression-free survival, <italic>T</italic>-<italic>DM1</italic> ado-trastuzumab emtansine, and <italic>T</italic>-<italic>DXd</italic> trastuzumab deruxtecan</p></caption><graphic xlink:href="10198_2023_1617_Fig2_HTML" id="MO2"/></fig></p>
          </sec>
          <sec id="Sec7">
            <title>Overall survival</title>
            <p id="Par16">OS event rates from DB-03 were not high enough to inform long-term direct extrapolations. For this reason, an alternative approach adapted from similar published methods was used in the base case [<xref ref-type="bibr" rid="CR19">19</xref>, <xref ref-type="bibr" rid="CR20">20</xref>]. This approach generates a curve using data from two sources: DB-03 OS KM data was used for both T-DXd and T-DM1 until the time point at which the last death was observed (20 months). After 20 months, the curves for both T-DXd and T-DM1 were generated using long-term T-DM1 OS data from the EMILIA clinical trial and the HR for T-DXd versus T-DM1 from the unpublished DB-03 clinical study report (0.56, 95% CI 0.36 to 0.86) [<xref ref-type="bibr" rid="CR21">21</xref>]. The EMILIA trial compared T-DM1 to lapatinib plus capecitabine in patients with HER2-positive advanced breast cancer who had previously been treated with trastuzumab and a taxane, with a follow-up of 20 months [<xref ref-type="bibr" rid="CR21">21</xref>]. The EMILIA data was validated through multiple methods (provided in Supplementary Information 2) and deemed to reflect anticipated long-term outcomes for the DB-03 T-DM1 arm.</p>
            <p id="Par17">The approach comprised the following steps:<list list-type="order"><list-item><p id="Par18">Standard parametric models were fitted to the long-term EMILIA OS for T-DM1 and assessed on goodness-of-fit statistics, visual inspection, and clinical plausibility of the extrapolations. Since standard parametric models were not fitted to DB-03 T-DM1 data directly, an additional analysis of clinical plausibility was performed (Supplementary Information 2). The generalized gamma distribution was selected as the best fit and used to generate the extrapolated tail of the curve.</p></list-item><list-item><p id="Par19">Two hazard rate functions were calculated: one based on the T-DM1 curve resulting from the previous step (after 20 months), and one based on the DB-03 T-DM1 data (until 20 months only).</p></list-item><list-item><p id="Par20">These two hazard rate functions were combined into one hazard rate function by assigning the hazard rates calculated from the DB-03 T-DM1 data to each time point until 20 months and assigning the hazard rates from the generalized gamma fit to EMILIA T-DM1 to each time point from 20 months onwards.</p></list-item><list-item><p id="Par21">The T-DM1 OS curve for the model was derived from this combined hazard rate function.</p></list-item><list-item><p id="Par22">The T-DXd OS curve was constructed using the KM data from DB-03, the derived T-DM1 OS curve, and the HR from DB-03. Until 20 months, the T-DXd OS curve was based on the KM data from DB-03. After 20 months, the HR from DB-03 was applied to the T-DM1 OS curve to calculate the T-DXd OS curve. Combining these together creates the final T-DXd OS curve used in the model. The resulting OS curves for T-DXd and T-DM1 are shown in Fig. <xref rid="Fig2" ref-type="fig">2</xref>.</p></list-item></list></p>
          </sec>
        </sec>
        <sec id="Sec8">
          <title>Adverse events</title>
          <p id="Par23">The base case analysis included the costs associated with adverse events (AEs) with a severity of Grade 3 or higher when 5% or more patients in one of the treatment arms experienced AE. Additionally, costs associated with interstitial lung disease and decrease in left ventricular ejection fraction were included in the model regardless of incidence or severity, as these were considered AEs of special interest in DB-03. Incidence of AEs for T-DXd and T-DM1 were sourced from the unpublished DB-03 clinical study report. AE costs were only incurred in the first cycle of the model, concurrent with treatment initiation.</p>
        </sec>
        <sec id="Sec9">
          <title>Health state utilities</title>
          <p id="Par24">Treatment-specific progression-free health state utilities (Table <xref rid="Tab1" ref-type="table">1</xref>) were sourced from the DB-03 trial. It was assumed these captured disutility. Post-progression health state utilities (Table <xref rid="Tab1" ref-type="table">1</xref>) were derived from the algorithm developed by Lloyd et al. using overall baseline characteristics from the unpublished DB-03 clinical study report [<xref ref-type="bibr" rid="CR16">16</xref>] (Eq. 1—Supplementary Information 1).</p>
        </sec>
        <sec id="Sec10">
          <title>Costs and resource use</title>
          <p id="Par25">Costs included in the model were drug and administration costs, costs of disease management, end-of-life costs, and treatment costs for AEs (summarized in Table <xref rid="Tab1" ref-type="table">1</xref>). Drug costs were sourced from the Medicinal Products Database from Kela [<xref ref-type="bibr" rid="CR14">14</xref>]. Administration costs were sourced from the Helsinki University Hospital service price list [<xref ref-type="bibr" rid="CR15">15</xref>]. Type and frequency of resource use were sourced from previous technology assessments by the Finnish Medicines Agency (Fimea) and validated by Finnish clinical experts [<xref ref-type="bibr" rid="CR10">10</xref>]. Resource costs and AE-related costs were sourced from the Finnish Institute for Health and Welfare or previous Fimea assessments and have been adjusted to 2021 using consumer price index from the Statistics Finland [<xref ref-type="bibr" rid="CR11">11</xref>, <xref ref-type="bibr" rid="CR17">17</xref>, <xref ref-type="bibr" rid="CR22">22</xref>].</p>
          <p id="Par26">Subsequent treatment costs—consisting of drug and administration costs—were sourced from previous Fimea assessments [<xref ref-type="bibr" rid="CR10">10</xref>, <xref ref-type="bibr" rid="CR23">23</xref>]. The proportion of patients receiving a specific treatment option after T-DXd or T-DM1 was based on Finnish clinical expert opinion (Table 7—Supplementary Information 1). The proportion of patients receiving any treatment option as subsequent treatment was sourced from the unpublished DB-03 clinical study report—i.e. 60.7% and 76.1% for patients in the T-DXd arm and T-DM1 arm, respectively. It was assumed that patients received subsequent treatment until death.</p>
        </sec>
        <sec id="Sec11">
          <title>Relative dose intensity</title>
          <p id="Par27">A relative dose intensity (RDI) was applied to the T-DXd and T-DM1 dose. The RDI was taken from the unpublished DB-03 clinical study report.</p>
        </sec>
        <sec id="Sec12">
          <title>Sensitivity and scenario analyses</title>
          <sec id="Sec13">
            <title>One-way sensitivity analysis (OWSA)</title>
            <p id="Par28">An OWSA was conducted to demonstrate the impact of parameter uncertainty by varying parameters individually within their 95% confidence interval or by plus or minus 20% of the base case value. Parameters with set values (e.g. drug costs) were not varied as they do not bring uncertainty to the model.</p>
          </sec>
          <sec id="Sec14">
            <title>Probabilistic sensitivity analysis (PSA)</title>
            <p id="Par29">A PSA was conducted to comprehensively characterize parameter uncertainty by varying all input parameters for 1000 iterations. The cost parameters were sampled from gamma distributions, and the HR from DB-03 of T-DXd versus T-DM1 for OS was sampled from a log-normal distribution. Other inputs, such as utility values, incidence of AEs, incidence of AE-related hospitalizations, proportions of patients, and RDI were sampled from beta distribution. To account for correlation between parameters in survival distributions, a Cholesky decomposition algorithm was used [<xref ref-type="bibr" rid="CR24">24</xref>].</p>
          </sec>
          <sec id="Sec15">
            <title>Scenario analysis</title>
            <p id="Par30">The model also incorporated scenario analyses exploring structural model uncertainty by changing the model time horizon, discount rates, vial sharing, no half-cycle correction, background mortality, the proportion of patients receiving subsequent therapy, the health state utility source, and provides a scenario in which the DB-03 OS data was directly extrapolated using the distribution with the best statistical fit (i.e. log-logistic).</p>
          </sec>
        </sec>
      </sec>
      <sec id="Sec16">
        <title>Results</title>
        <sec id="Sec17">
          <title>Base case results</title>
          <p id="Par31">Over a lifetime horizon, the deterministic results show the total QALYs and LYs gained for T-DXd compared to T-DM1 were 1.93 and 2.56, respectively. Incremental costs for T-DXd compared to T-DM1 were €106,800, resulting in an ICER of €55,360 per QALY gained and an ICER of €41,775 per LY gained.</p>
        </sec>
        <sec id="Sec18">
          <title>Sensitivity and scenario analyses</title>
          <sec id="Sec19">
            <title>One-way sensitivity analysis</title>
            <p id="Par32">The 20 most influential parameters in the OWSA are presented in Fig. <xref rid="Fig3" ref-type="fig">3</xref>. The results show that parameter uncertainty has the greatest impact on the ICER for the following: the HR of T-DXd vs T-DM1 for OS; the RDI used for T-DXd; the progression-free utility value for T-DXd; the patients in the T-DM1 arm receiving any subsequent treatment; and the post-progression utility value for T-DXd.<fig id="Fig3"><label>Fig. 3</label><caption><p>Tornado diagram of the ICER of T-DXd versus T-DM1. <italic>Adm</italic> administration, <italic>CT</italic> computerized tomography, <italic>Distr</italic> distribution, <italic>gen</italic>. <italic>gam</italic> generalized gamma, <italic>HR</italic> hazard ratio, <italic>ICER</italic> incremental cost-effectiveness ratio, <italic>Log norm</italic> log-normal, <italic>OS</italic> overall survival, <italic>PF</italic> progression free, <italic>PFS</italic> progression-free survival, <italic>PP</italic> post-progression, <italic>Prop</italic> proportion, <italic>RDI</italic> relative dose intensity, <italic>Res</italic> resources, <italic>T</italic>-<italic>DXd</italic> trastuzumab deruxtecan, <italic>T-DM1</italic> ado-trastuzumab emtansine, <italic>Txt</italic> treatment, <italic>Subs</italic>. subsequent treatment</p></caption><graphic xlink:href="10198_2023_1617_Fig3_HTML" id="MO3"/></fig></p>
          </sec>
          <sec id="Sec20">
            <title>Probabilistic sensitivity analysis</title>
            <p id="Par33">The mean probabilistic results (using the average costs and QALYs of all iterations) generated by varying the base case settings randomly within their respective boundaries produced a mean ICER of €56,084 per QALY gained for T-DXd compared with T-DM1 (Table 8—Supplementary Information 1). The mean ICER resulting from the PSA is close to the base case ICER of €55,360 per QALY, which demonstrates the robustness of the model and the base case.</p>
            <p id="Par34">Figure <xref rid="Fig4" ref-type="fig">4</xref> shows the cost-effectiveness plane of T-DXd versus T-DM1, where the incremental health outcomes (in QALYs) of T-DXd are plotted against the incremental costs of T-DXd for 1000 iterations. Most iterations (approximately 99%) indicate that T-DXd has higher costs and more QALYs gained compared to T-DM1.<fig id="Fig4"><label>Fig. 4</label><caption><p>Cost-effectiveness plane of T-DXd versus T-DM1. <italic>PSA</italic> probabilistic sensitivity analysis, <italic>QALY</italic> quality-adjusted life year</p></caption><graphic xlink:href="10198_2023_1617_Fig4_HTML" id="MO4"/></fig></p>
            <p id="Par35">In the absence of a clear willingness-to-pay (WTP) threshold in Finland, the results of the Fimea assessment of T-DXd as a third-line treatment in HER2-positive mBC were used as a surrogate WTP threshold that are likely to be accepted by decision makers. Two surrogate thresholds were identified: €72,000 per QALY and €139,000 per QALY [<xref ref-type="bibr" rid="CR10">10</xref>]. The cost-effectiveness acceptability curve showed that T-DXd versus T-DM1 has a likelihood of 68.40% and 95.40% of being cost-effective versus the surrogate WTP thresholds of €72,000 per QALY and €139,000 per QALY, respectively (Fig. 5—Supplementary Information 1).</p>
          </sec>
          <sec id="Sec21">
            <title>Scenario analysis</title>
            <p id="Par36">A scenario using rates of subsequent treatment from Cortés et al.—29.9% for the T-DXd arm and 62.4% for the T-DM1 arm—resulted in an ICER of €55,135 per QALY [<xref ref-type="bibr" rid="CR9">9</xref>]. Results from scenarios exploring utility values for the progression-free and post-progression health states did not differ substantially from the base case ICER. The greatest effect was seen when applying treatment-specific health state utilities from DB-03 to both health states (€64,136 per QALY), followed by applying utilities derived from Lloyd with DB-03 patient characteristics to both health states (€58,012 per QALY), and applying non-treatment-specific health state utilities from DB-03 to both health states (€55,452 per QALY). Extrapolating the DB-03 OS data using the direct extrapolation resulted in an ICER of €68,588 per QALY. Results of all scenario analyses are shown in Table 9—Supplementary Information 1.</p>
          </sec>
        </sec>
      </sec>
      <sec id="Sec22">
        <title>Discussion</title>
        <p id="Par37">T-DXd was recently recommended as a second-line treatment for HER2-positive mBC in the ESMO clinical guidelines [<xref ref-type="bibr" rid="CR7">7</xref>]. This recommendation was based on the improved survival outcomes for T-DXd compared with T-DM1 as second-line treatment for HER2-positive mBC demonstrated in the DB-03 clinical trial [<xref ref-type="bibr" rid="CR9">9</xref>]. This is the first study to evaluate the cost-effectiveness of T-DXd in this patient population. We used DB-03 trial results to conduct a cost-effectiveness analysis comparing T-DXd with T-DM1 for the second-line treatment after trastuzumab and a taxane of HER2-positive uBC and/or mBC from the Finnish payer’s perspective. The results show that, using prices from Kela's medicinal products, T-DXd provides a QALY gain of 1.93 versus T-DM1 and increases lifetime costs by €106,800, resulting in an ICER of €55,360 per QALY. The PSA results support the base case, yielding a mean probabilistic ICER of €56,084 per QALY. Previous related Fimea assessments have reported higher ICERs of €72,000 per QALY and €139,000 per QALY [<xref ref-type="bibr" rid="CR10">10</xref>]. Using these ICERs as surrogate WTP thresholds indicates that the results for T-DXd versus T-DM1 can be considered cost-effective.</p>
        <p id="Par38">The OWSA showed that health state utilities were among the most influential parameters. The base case uses DB-03 treatment-specific utility values for the progression-free health state to account for the impact of response rate on the quality of life. A scenario with non-treatment-specific utility values from DB-03 yielded an ICER of €55,452 per QALY, showing that the base case assumption does not have a major influence on the ICER.</p>
        <p id="Par39">The partitioned survival approach allowed for direct estimates of health state membership to be derived from the survival curves. Though PartSA is commonly used for assessing cost-effectiveness for new interventions in metastatic or advanced cancers in the NICE Technology Appraisal Programme—generally considered to represent the highest standards for cost-effectiveness analyses—a limitation of these models is the uncertainty around the extrapolated survival curves, particularly where data is immature. Survival data from DB-03 for TTD and PFS was mature and could be directly extrapolated using a standard parametric model; however, because the DB-03 OS event rate was low when our analysis was conducted, an alternative approach was used in an attempt to reduce the uncertainty for this outcome. This approach (outlined in detail in the method section) leveraged a broader wealth of available clinical information by combining data from different relevant sources; however, it is not without its limitations.</p>
        <p id="Par40">The alternative approach considers both proportional hazard and accelerated failure time (AFT) models for the extrapolation of long-term EMILIA OS data. The extrapolated EMILIA data and the DB-03 T-DM1 data were then each used to calculate hazard rate functions. These functions were combined into one hazard rate function from which the T-DM1 OS curve could be calculated. Afterwards, the approach applies a HR to the T-DM1 OS curve and used DB-03 T-DXd data to determine the T-DXd OS curve. A limitation of AFT models is that a HR cannot be applied to it directly since AFT models do not have a constant hazard rate. However, the HR was not applied directly to the extrapolated long-term EMILIA OS data, rather it was applied to the OS curve derived from the combined hazard rate function. Furthermore, AFT models, especially the generalized gamma, provided the best statistical fit to the long-term OS data. The generalized gamma was also shown to provide the most clinically plausible survival estimates in the clinical plausibility analysis (Supplementary Information 2). Therefore, the generalized gamma was chosen in the base case. The HR used in this approach was found to have substantial influence on the ICER in the OWSA. This HR directly influences the OS curve for T-DXd, thereby impacting health state membership and the ICER. Since the DB-03 OS event rate was low, this HR introduces uncertainty into the model. A scenario where the DB-03 OS data was directly extrapolated resulted in an ICER of €68,570 per QALY. However, direct extrapolation of the OS curves could result in uncertainty given the amount of censored OS observations at the time of conducting this study. Furthermore, the use of external data for long-term model extrapolation has shown to be of higher predictive power [<xref ref-type="bibr" rid="CR25">25</xref>, <xref ref-type="bibr" rid="CR26">26</xref>]. Noteworthy, using both extrapolation methods, T-DXd remains cost-effective using the surrogate WTP thresholds.</p>
        <p id="Par41">The assumptions and choices made for modelling subsequent treatment also present limitations for this analysis. First, the assumption that all patients are administered subsequent treatment until death possibly overestimates the actual subsequent treatment costs. Secondly, T-DXd has been approved for the third-line treatment of HER2-positive uBC and/or mBC after T-DM1, but no information is available on the effectiveness of T-DM1 after second-line T-DXd treatment. Thus, there is uncertainty as to whether the modelled subsequent treatment costs will be reflective of clinical practice.</p>
        <p id="Par42">A final limitation is the inclusion of Grade 3 or higher AEs with an incidence of ≥ 5% in one or both arms of DB-03. This threshold could potentially exclude less common but still relevant AEs, and we included AEs of special interest in the model to account for this. There were also assumptions made for the costs of treating AEs—specifically, it was assumed that AE-related costs were only incurred in the first cycle of the model, concurrent with treatment initiation. We did not run a scenario analysis for this input, so the impact on the ICER is unknown.</p>
        <p id="Par43">It is a strength of this model that it is primarily based on clinical trial data from DB-03, with additional data from EMILIA. However, an update of this model using real-world evidence or long-term trial data could reduce uncertainties in current model predictions. Nonetheless, the alternative approach to direct extrapolation used in this study could be a useful tool and presents an opportunity for further research into cost-effectiveness analysis where not all survival data is mature.</p>
      </sec>
      <sec id="Sec23">
        <title>Conclusion</title>
        <p id="Par44">This cost-effectiveness analysis showed that, as a second-line treatment for HER2-positive uBC and/or mBC, T-DXd accrues an additional 1.93 QALYs and €106,800 per patient over a lifetime compared with the previous standard of care, T-DM1. This results in an ICER of €55,360 per QALY. Based on surrogate WTP thresholds of €72,000 per QALY and €139,000 per QALY, T-DXd is cost-effective.</p>
      </sec>
      <sec sec-type="supplementary-material">
        <sec id="Sec24">
          <title>Supplementary Information</title>
          <p>Below is the link to the electronic supplementary material.<supplementary-material content-type="local-data" id="MOESM1"><media xlink:href="10198_2023_1617_MOESM1_ESM.docx"><caption><p>Supplementary file1 (DOCX 576 KB)</p></caption></media></supplementary-material><supplementary-material content-type="local-data" id="MOESM2"><media xlink:href="10198_2023_1617_MOESM2_ESM.docx"><caption><p>Supplementary file2 (DOCX 198 KB)</p></caption></media></supplementary-material></p>
        </sec>
      </sec>
    </body>
    <back>
      <fn-group>
        <fn>
          <p>
            <bold>Publisher's Note</bold>
          </p>
          <p>Springer Nature remains neutral with regard to jurisdictional claims in published maps and institutional affiliations.</p>
        </fn>
      </fn-group>
      <ack>
        <title>Acknowledgements</title>
        <p>The authors would like to thank Mattias Aronsson, Arthur Allignol, Bert Sloof, and Rhiannon Bruce for their contribution to this research.</p>
      </ack>
      <notes notes-type="author-contribution">
        <title>Author contributions</title>
        <p>All authors contributed to the study conception and design. Material preparation, data collection, and analysis were performed by JHJP, AHS, KJD, and CJL. The first draft of the manuscript was written by JHJP and all authors commented on previous versions of the manuscript. All authors read and approved the final manuscript.</p>
      </notes>
      <notes notes-type="funding-information">
        <title>Funding</title>
        <p>This study was funded by Daiichi Sankyo International and AstraZeneca.</p>
      </notes>
      <notes notes-type="data-availability">
        <title>Data availability</title>
        <p>Most data are included in the manuscript and its supplementary files. The analyses were largely conducted based on publicly available information which is presented and referenced in the article and supplementary files. Some of the data generated during and/or analysed during the current study are not publicly available, but are available from the corresponding author on request.</p>
      </notes>
      <notes>
        <title>Declarations</title>
        <notes id="FPar1" notes-type="COI-statement">
          <title>Conflict of interest</title>
          <p id="Par45">JHJP is a paid employee of Asc Academics. Asc Academics received consulting fees paid from Daiichi Sankyo International and AstraZeneca; AHS is a paid employee of Daiichi Sankyo Europe; KJD is a paid employee of Daiichi Sankyo International; CJL is a paid employee of AstraZeneca; MVH reports no financial interests; MJP is advisor to Asc Academics and has received expert testimony from Daiichi Sankyo International and AstraZeneca. Asc Academics received consulting fees paid from Daiichi Sankyo International and AstraZeneca; LADJ was an employee of Asc Academics at the time the research was conducted. Asc Academics received consulting fees paid from Daiichi Sankyo International and AstraZeneca; RDF is a paid employee of Asc Academics. Asc Academics received consulting fees paid from Daiichi Sankyo International and AstraZeneca. JHJP reports no non-financial interests; AHS reports no non-financial interests; KJD reports no non-financial interests; CJL reports no non-financial interests; MVH reports no non-financial interests; MJP is non-remunerated member of UK’s Joint Committee of Vaccination and Immunization; LADJ reports no non-financial interests; RDF reports no non-financial interests.</p>
        </notes>
        <notes id="FPar2">
          <title>Ethics approval</title>
          <p id="Par46">Not applicable.</p>
        </notes>
        <notes id="FPar3">
          <title>Consent to participate</title>
          <p id="Par47">Not applicable.</p>
        </notes>
        <notes id="FPar4">
          <title>Consent for publication</title>
          <p id="Par48">Not applicable.</p>
        </notes>
      </notes>
      <ref-list id="Bib1">
        <title>References</title>
        <ref id="CR1">
          <label>1.</label>
          <element-citation publication-type="book">
            <person-group person-group-type="author">
              <name>
                <surname>Pitkäniemi</surname>
                <given-names>J</given-names>
              </name>
              <name>
                <surname>Malila</surname>
                <given-names>N</given-names>
              </name>
              <name>
                <surname>Tanskanen</surname>
                <given-names>T</given-names>
              </name>
              <name>
                <surname>Degerlund</surname>
                <given-names>H</given-names>
              </name>
              <name>
                <surname>Heikkinen</surname>
                <given-names>S</given-names>
              </name>
              <name>
                <surname>Seppä</surname>
                <given-names>K</given-names>
              </name>
            </person-group>
            <source>Cancer in Finland 2020</source>
            <year>2022</year>
            <publisher-loc>Helsinki</publisher-loc>
            <publisher-name>Cancer Society of Finland</publisher-name>
          </element-citation>
        </ref>
        <ref id="CR2">
          <label>2.</label>
          <element-citation publication-type="journal">
            <person-group person-group-type="author">
              <name>
                <surname>Shin</surname>
                <given-names>JA</given-names>
              </name>
              <name>
                <surname>El-Jawahri</surname>
                <given-names>A</given-names>
              </name>
              <name>
                <surname>Parkes</surname>
                <given-names>A</given-names>
              </name>
              <name>
                <surname>Schleicher</surname>
                <given-names>SM</given-names>
              </name>
              <name>
                <surname>Knight</surname>
                <given-names>HP</given-names>
              </name>
              <name>
                <surname>Temel</surname>
                <given-names>JS</given-names>
              </name>
            </person-group>
            <article-title>Quality of life, mood, and prognostic understanding in patients with metastatic breast cancer</article-title>
            <source>J. Palliat. Med.</source>
            <year>2016</year>
            <volume>19</volume>
            <fpage>863</fpage>
            <lpage>869</lpage>
            <pub-id pub-id-type="doi">10.1089/jpm.2016.0027</pub-id>
            <pub-id pub-id-type="pmid">27124211</pub-id>
          </element-citation>
        </ref>
        <ref id="CR3">
          <label>3.</label>
          <element-citation publication-type="journal">
            <person-group person-group-type="author">
              <name>
                <surname>Mahtani</surname>
                <given-names>R</given-names>
              </name>
              <name>
                <surname>Lalla</surname>
                <given-names>D</given-names>
              </name>
              <name>
                <surname>Oestreicher</surname>
                <given-names>N</given-names>
              </name>
              <name>
                <surname>Ogbonnaya</surname>
                <given-names>A</given-names>
              </name>
              <name>
                <surname>Saundankar</surname>
                <given-names>V</given-names>
              </name>
              <name>
                <surname>Willey</surname>
                <given-names>J</given-names>
              </name>
              <name>
                <surname>Coutinho</surname>
                <given-names>A</given-names>
              </name>
              <name>
                <surname>McCann</surname>
                <given-names>K</given-names>
              </name>
            </person-group>
            <article-title>Abstract PS9–54: Healthcare costs for metastatic breast cancer patients treated with human epidermal growth factor receptor 2 targeted agents</article-title>
            <source>Cancer Res.</source>
            <year>2021</year>
            <volume>81</volume>
            <fpage>PS9</fpage>
            <lpage>54</lpage>
            <pub-id pub-id-type="doi">10.1158/1538-7445.SABCS20-PS9-54</pub-id>
          </element-citation>
        </ref>
        <ref id="CR4">
          <label>4.</label>
          <element-citation publication-type="journal">
            <person-group person-group-type="author">
              <name>
                <surname>Cardoso</surname>
                <given-names>F</given-names>
              </name>
              <name>
                <surname>Paluch-Shimon</surname>
                <given-names>S</given-names>
              </name>
              <name>
                <surname>Senkus</surname>
                <given-names>E</given-names>
              </name>
              <name>
                <surname>Curigliano</surname>
                <given-names>G</given-names>
              </name>
              <name>
                <surname>Aapro</surname>
                <given-names>MS</given-names>
              </name>
              <name>
                <surname>André</surname>
                <given-names>F</given-names>
              </name>
              <name>
                <surname>Barrios</surname>
                <given-names>CH</given-names>
              </name>
              <name>
                <surname>Bergh</surname>
                <given-names>J</given-names>
              </name>
              <name>
                <surname>Bhattacharyya</surname>
                <given-names>GS</given-names>
              </name>
              <name>
                <surname>Biganzoli</surname>
                <given-names>L</given-names>
              </name>
              <name>
                <surname>Boyle</surname>
                <given-names>F</given-names>
              </name>
              <name>
                <surname>Cardoso</surname>
                <given-names>M-J</given-names>
              </name>
              <name>
                <surname>Carey</surname>
                <given-names>LA</given-names>
              </name>
              <name>
                <surname>Cortés</surname>
                <given-names>J</given-names>
              </name>
              <name>
                <surname>el Saghir</surname>
                <given-names>NS</given-names>
              </name>
              <name>
                <surname>Elzayat</surname>
                <given-names>M</given-names>
              </name>
              <name>
                <surname>Eniu</surname>
                <given-names>A</given-names>
              </name>
              <name>
                <surname>Fallowfield</surname>
                <given-names>L</given-names>
              </name>
              <name>
                <surname>Francis</surname>
                <given-names>PA</given-names>
              </name>
              <name>
                <surname>Gelmon</surname>
                <given-names>K</given-names>
              </name>
              <name>
                <surname>Gligorov</surname>
                <given-names>J</given-names>
              </name>
              <name>
                <surname>Haidinger</surname>
                <given-names>R</given-names>
              </name>
              <name>
                <surname>Harbeck</surname>
                <given-names>N</given-names>
              </name>
              <name>
                <surname>Hu</surname>
                <given-names>X</given-names>
              </name>
              <name>
                <surname>Kaufman</surname>
                <given-names>B</given-names>
              </name>
              <name>
                <surname>Kaur</surname>
                <given-names>R</given-names>
              </name>
              <name>
                <surname>Kiely</surname>
                <given-names>BE</given-names>
              </name>
              <name>
                <surname>Kim</surname>
                <given-names>S-B</given-names>
              </name>
              <name>
                <surname>Lin</surname>
                <given-names>NU</given-names>
              </name>
              <name>
                <surname>Mertz</surname>
                <given-names>SA</given-names>
              </name>
              <name>
                <surname>Neciosup</surname>
                <given-names>S</given-names>
              </name>
              <name>
                <surname>Offersen</surname>
                <given-names>BV</given-names>
              </name>
              <name>
                <surname>Ohno</surname>
                <given-names>S</given-names>
              </name>
              <name>
                <surname>Pagani</surname>
                <given-names>O</given-names>
              </name>
              <name>
                <surname>Prat</surname>
                <given-names>A</given-names>
              </name>
              <name>
                <surname>Penault-Llorca</surname>
                <given-names>F</given-names>
              </name>
              <name>
                <surname>Rugo</surname>
                <given-names>HS</given-names>
              </name>
              <name>
                <surname>Sledge</surname>
                <given-names>GW</given-names>
              </name>
              <name>
                <surname>Thomssen</surname>
                <given-names>C</given-names>
              </name>
              <name>
                <surname>Vorobiof</surname>
                <given-names>DA</given-names>
              </name>
              <name>
                <surname>Wiseman</surname>
                <given-names>T</given-names>
              </name>
              <name>
                <surname>Xu</surname>
                <given-names>B</given-names>
              </name>
              <name>
                <surname>Norton</surname>
                <given-names>L</given-names>
              </name>
              <name>
                <surname>Costa</surname>
                <given-names>A</given-names>
              </name>
              <name>
                <surname>Winer</surname>
                <given-names>EP</given-names>
              </name>
            </person-group>
            <article-title>5th ESO-ESMO international consensus guidelines for advanced breast cancer (ABC 5)</article-title>
            <source>Ann. Oncol.</source>
            <year>2020</year>
            <volume>31</volume>
            <fpage>1623</fpage>
            <lpage>1649</lpage>
            <pub-id pub-id-type="doi">10.1016/j.annonc.2020.09.010</pub-id>
            <pub-id pub-id-type="pmid">32979513</pub-id>
          </element-citation>
        </ref>
        <ref id="CR5">
          <label>5.</label>
          <element-citation publication-type="journal">
            <person-group person-group-type="author">
              <name>
                <surname>Wolff</surname>
                <given-names>AC</given-names>
              </name>
              <name>
                <surname>Hammond</surname>
                <given-names>MEH</given-names>
              </name>
              <name>
                <surname>Hicks</surname>
                <given-names>DG</given-names>
              </name>
              <name>
                <surname>Dowsett</surname>
                <given-names>M</given-names>
              </name>
              <name>
                <surname>McShane</surname>
                <given-names>LM</given-names>
              </name>
              <name>
                <surname>Allison</surname>
                <given-names>KH</given-names>
              </name>
              <name>
                <surname>Allred</surname>
                <given-names>DC</given-names>
              </name>
              <name>
                <surname>Bartlett</surname>
                <given-names>JMS</given-names>
              </name>
              <name>
                <surname>Bilous</surname>
                <given-names>M</given-names>
              </name>
              <name>
                <surname>Fitzgibbons</surname>
                <given-names>P</given-names>
              </name>
              <name>
                <surname>Hanna</surname>
                <given-names>W</given-names>
              </name>
              <name>
                <surname>Jenkins</surname>
                <given-names>RB</given-names>
              </name>
              <name>
                <surname>Mangu</surname>
                <given-names>PB</given-names>
              </name>
              <name>
                <surname>Paik</surname>
                <given-names>S</given-names>
              </name>
              <name>
                <surname>Perez</surname>
                <given-names>EA</given-names>
              </name>
              <name>
                <surname>Press</surname>
                <given-names>MF</given-names>
              </name>
              <name>
                <surname>Spears</surname>
                <given-names>PA</given-names>
              </name>
              <name>
                <surname>Vance</surname>
                <given-names>GH</given-names>
              </name>
              <name>
                <surname>Viale</surname>
                <given-names>G</given-names>
              </name>
              <name>
                <surname>Hayes</surname>
                <given-names>DF</given-names>
              </name>
            </person-group>
            <article-title>Recommendations for human epidermal growth factor receptor 2 testing in breast cancer: American Society of Clinical Oncology/College of American Pathologists Clinical Practice Guideline Update</article-title>
            <source>J. Clin. Oncol.</source>
            <year>2013</year>
            <volume>31</volume>
            <fpage>3997</fpage>
            <lpage>4013</lpage>
            <pub-id pub-id-type="doi">10.1200/JCO.2013.50.9984</pub-id>
            <pub-id pub-id-type="pmid">24101045</pub-id>
          </element-citation>
        </ref>
        <ref id="CR6">
          <label>6.</label>
          <element-citation publication-type="journal">
            <person-group person-group-type="author">
              <name>
                <surname>Balduzzi</surname>
                <given-names>S</given-names>
              </name>
              <name>
                <surname>Mantarro</surname>
                <given-names>S</given-names>
              </name>
              <name>
                <surname>Guarneri</surname>
                <given-names>V</given-names>
              </name>
              <name>
                <surname>Tagliabue</surname>
                <given-names>L</given-names>
              </name>
              <name>
                <surname>Pistotti</surname>
                <given-names>V</given-names>
              </name>
              <name>
                <surname>Moja</surname>
                <given-names>L</given-names>
              </name>
              <name>
                <surname>D’Amico</surname>
                <given-names>R</given-names>
              </name>
            </person-group>
            <article-title>Trastuzumab-containing regimens for metastatic breast cancer</article-title>
            <source>Cochrane Database Syst. Rev.</source>
            <year>2014</year>
            <pub-id pub-id-type="doi">10.1002/14651858.CD006242.pub2</pub-id>
            <pub-id pub-id-type="pmid">24919460</pub-id>
          </element-citation>
        </ref>
        <ref id="CR7">
          <label>7.</label>
          <element-citation publication-type="journal">
            <person-group person-group-type="author">
              <name>
                <surname>Gennari</surname>
                <given-names>A</given-names>
              </name>
              <name>
                <surname>André</surname>
                <given-names>F</given-names>
              </name>
              <name>
                <surname>Barrios</surname>
                <given-names>CH</given-names>
              </name>
              <name>
                <surname>Cortés</surname>
                <given-names>J</given-names>
              </name>
              <name>
                <surname>de Azambuja</surname>
                <given-names>E</given-names>
              </name>
              <name>
                <surname>DeMichele</surname>
                <given-names>A</given-names>
              </name>
              <name>
                <surname>Dent</surname>
                <given-names>R</given-names>
              </name>
              <name>
                <surname>Fenlon</surname>
                <given-names>D</given-names>
              </name>
              <name>
                <surname>Gligorov</surname>
                <given-names>J</given-names>
              </name>
              <name>
                <surname>Hurvitz</surname>
                <given-names>SA</given-names>
              </name>
              <name>
                <surname>Im</surname>
                <given-names>S-A</given-names>
              </name>
              <name>
                <surname>Krug</surname>
                <given-names>D</given-names>
              </name>
              <name>
                <surname>Kunz</surname>
                <given-names>WG</given-names>
              </name>
              <name>
                <surname>Loi</surname>
                <given-names>S</given-names>
              </name>
              <name>
                <surname>Penault-Llorca</surname>
                <given-names>F</given-names>
              </name>
              <name>
                <surname>Ricke</surname>
                <given-names>J</given-names>
              </name>
              <name>
                <surname>Robson</surname>
                <given-names>M</given-names>
              </name>
              <name>
                <surname>Rugo</surname>
                <given-names>HS</given-names>
              </name>
              <name>
                <surname>Saura</surname>
                <given-names>C</given-names>
              </name>
              <name>
                <surname>Schmid</surname>
                <given-names>P</given-names>
              </name>
              <name>
                <surname>Singer</surname>
                <given-names>CF</given-names>
              </name>
              <name>
                <surname>Spanic</surname>
                <given-names>T</given-names>
              </name>
              <name>
                <surname>Tolaney</surname>
                <given-names>SM</given-names>
              </name>
              <name>
                <surname>Turner</surname>
                <given-names>NC</given-names>
              </name>
              <name>
                <surname>Curigliano</surname>
                <given-names>G</given-names>
              </name>
              <name>
                <surname>Loibl</surname>
                <given-names>S</given-names>
              </name>
              <name>
                <surname>Paluch-Shimon</surname>
                <given-names>S</given-names>
              </name>
              <name>
                <surname>Harbeck</surname>
                <given-names>N</given-names>
              </name>
            </person-group>
            <article-title>ESMO Clinical Practice Guideline for the diagnosis, staging and treatment of patients with metastatic breast cancer</article-title>
            <source>Ann. Oncol.</source>
            <year>2021</year>
            <volume>32</volume>
            <fpage>1475</fpage>
            <lpage>1495</lpage>
            <pub-id pub-id-type="doi">10.1016/j.annonc.2021.09.019</pub-id>
            <pub-id pub-id-type="pmid">34678411</pub-id>
          </element-citation>
        </ref>
        <ref id="CR8">
          <label>8.</label>
          <mixed-citation publication-type="other">Business Wire: Trastuzumab Deruxtecan Recommended for Approval in the EU by CHMP for Patients with HER2+ mBC Treated with a Prior Anti-HER2-Based Regimen. <ext-link ext-link-type="uri" xlink:href="https://www.businesswire.com/news/home/20220624005462/en/Trastuzumab-Deruxtecan-Recommended-for-Approval-in-the-EU-by-CHMP-for-Patients-with-HER2-Positive-Metastatic-Breast-Cancer-Treated-with-a-Prior-Anti-HER2-Based-Regimen">https://www.businesswire.com/news/home/20220624005462/en/Trastuzumab-Deruxtecan-Recommended-for-Approval-in-the-EU-by-CHMP-for-Patients-with-HER2-Positive-Metastatic-Breast-Cancer-Treated-with-a-Prior-Anti-HER2-Based-Regimen</ext-link></mixed-citation>
        </ref>
        <ref id="CR9">
          <label>9.</label>
          <element-citation publication-type="journal">
            <person-group person-group-type="author">
              <name>
                <surname>Cortés</surname>
                <given-names>J</given-names>
              </name>
              <name>
                <surname>Kim</surname>
                <given-names>S-B</given-names>
              </name>
              <name>
                <surname>Chung</surname>
                <given-names>W-P</given-names>
              </name>
              <name>
                <surname>Im</surname>
                <given-names>S-A</given-names>
              </name>
              <name>
                <surname>Park</surname>
                <given-names>YH</given-names>
              </name>
              <name>
                <surname>Hegg</surname>
                <given-names>R</given-names>
              </name>
              <name>
                <surname>Kim</surname>
                <given-names>MH</given-names>
              </name>
              <name>
                <surname>Tseng</surname>
                <given-names>L-M</given-names>
              </name>
              <name>
                <surname>Petry</surname>
                <given-names>V</given-names>
              </name>
              <name>
                <surname>Chung</surname>
                <given-names>C-F</given-names>
              </name>
              <name>
                <surname>Iwata</surname>
                <given-names>H</given-names>
              </name>
              <name>
                <surname>Hamilton</surname>
                <given-names>E</given-names>
              </name>
              <name>
                <surname>Curigliano</surname>
                <given-names>G</given-names>
              </name>
              <name>
                <surname>Xu</surname>
                <given-names>B</given-names>
              </name>
              <name>
                <surname>Huang</surname>
                <given-names>C-S</given-names>
              </name>
              <name>
                <surname>Kim</surname>
                <given-names>JH</given-names>
              </name>
              <name>
                <surname>Chiu</surname>
                <given-names>JWY</given-names>
              </name>
              <name>
                <surname>Pedrini</surname>
                <given-names>JL</given-names>
              </name>
              <name>
                <surname>Lee</surname>
                <given-names>C</given-names>
              </name>
              <name>
                <surname>Liu</surname>
                <given-names>Y</given-names>
              </name>
              <name>
                <surname>Cathcart</surname>
                <given-names>J</given-names>
              </name>
              <name>
                <surname>Bako</surname>
                <given-names>E</given-names>
              </name>
              <name>
                <surname>Verma</surname>
                <given-names>S</given-names>
              </name>
              <name>
                <surname>Hurvitz</surname>
                <given-names>SA</given-names>
              </name>
            </person-group>
            <article-title>Trastuzumab deruxtecan versus trastuzumab emtansine for breast cancer</article-title>
            <source>N. Engl. J. Med.</source>
            <year>2022</year>
            <volume>386</volume>
            <fpage>1143</fpage>
            <lpage>1154</lpage>
            <pub-id pub-id-type="doi">10.1056/NEJMoa2115022</pub-id>
            <pub-id pub-id-type="pmid">35320644</pub-id>
          </element-citation>
        </ref>
        <ref id="CR10">
          <label>10.</label>
          <element-citation publication-type="book">
            <person-group person-group-type="author">
              <name>
                <surname>Kotajärvi</surname>
                <given-names>J</given-names>
              </name>
              <name>
                <surname>Hyvärinen</surname>
                <given-names>A</given-names>
              </name>
              <name>
                <surname>Wikman</surname>
                <given-names>E</given-names>
              </name>
              <name>
                <surname>Kiviniemi</surname>
                <given-names>V</given-names>
              </name>
            </person-group>
            <article-title>Trastutsumabi-derukstekaani levinneen HER2-positiivisen rintasyövän hoidossa: Uusien sairaalalääkkeiden arviointi</article-title>
            <source>Fimea kehittää, arvioi ja informoi</source>
            <year>2021</year>
            <publisher-loc>Kuopio</publisher-loc>
            <publisher-name>Fimea (Finnish Medicines Agency)</publisher-name>
          </element-citation>
        </ref>
        <ref id="CR11">
          <label>11.</label>
          <element-citation publication-type="book">
            <person-group person-group-type="author">
              <name>
                <surname>Härkönen</surname>
                <given-names>U</given-names>
              </name>
              <name>
                <surname>Heiskanen</surname>
                <given-names>J</given-names>
              </name>
              <name>
                <surname>Rahkonen</surname>
                <given-names>A</given-names>
              </name>
              <name>
                <surname>Rannanheimo</surname>
                <given-names>P</given-names>
              </name>
            </person-group>
            <article-title>Nivolumabin ja ipilimumabin yhdistelmähoito munuaiskarsinooman ensilinjan hoidossa: Uusien sairaalalääkkeiden arviointi</article-title>
            <source>Fimea kehittää, arvioi ja informoi</source>
            <year>2019</year>
            <publisher-loc>Kuopio</publisher-loc>
            <publisher-name>Fimea (Finnish Medicines Agency)</publisher-name>
          </element-citation>
        </ref>
        <ref id="CR12">
          <label>12.</label>
          <mixed-citation publication-type="other">Pharmaceuticals Pricing Board: Preparing a health economic evaluation to be attached to the application for reimbursement status and wholesale price for a medicinal product. <ext-link ext-link-type="uri" xlink:href="https://www.hila.fi/content/uploads/2020/01/Instructions_TTS_2019.pdf">https://www.hila.fi/content/uploads/2020/01/Instructions_TTS_2019.pdf</ext-link> (2019)</mixed-citation>
        </ref>
        <ref id="CR13">
          <label>13.</label>
          <element-citation publication-type="journal">
            <person-group person-group-type="author">
              <name>
                <surname>Husereau</surname>
                <given-names>D</given-names>
              </name>
              <name>
                <surname>Drummond</surname>
                <given-names>M</given-names>
              </name>
              <name>
                <surname>Augustovski</surname>
                <given-names>F</given-names>
              </name>
              <name>
                <surname>de Bekker-Grob</surname>
                <given-names>E</given-names>
              </name>
              <name>
                <surname>Briggs</surname>
                <given-names>AH</given-names>
              </name>
              <name>
                <surname>Carswell</surname>
                <given-names>C</given-names>
              </name>
              <name>
                <surname>Caulley</surname>
                <given-names>L</given-names>
              </name>
              <name>
                <surname>Chaiyakunapruk</surname>
                <given-names>N</given-names>
              </name>
              <name>
                <surname>Greenberg</surname>
                <given-names>D</given-names>
              </name>
              <name>
                <surname>Loder</surname>
                <given-names>E</given-names>
              </name>
              <name>
                <surname>Mauskopf</surname>
                <given-names>J</given-names>
              </name>
              <name>
                <surname>Mullins</surname>
                <given-names>CD</given-names>
              </name>
              <name>
                <surname>Petrou</surname>
                <given-names>S</given-names>
              </name>
              <name>
                <surname>Pwu</surname>
                <given-names>R-F</given-names>
              </name>
              <name>
                <surname>Staniszewska</surname>
                <given-names>S</given-names>
              </name>
            </person-group>
            <article-title>Consolidated Health Economic Evaluation Reporting Standards 2022 (CHEERS 2022) statement: Updated reporting guidance for health economic evaluations</article-title>
            <source>BMJ</source>
            <year>2022</year>
            <pub-id pub-id-type="doi">10.1136/bmj-2021-067975</pub-id>
            <pub-id pub-id-type="pmid">35017145</pub-id>
          </element-citation>
        </ref>
        <ref id="CR14">
          <label>14.</label>
          <mixed-citation publication-type="other">Kela: Medicinal Products Database. <ext-link ext-link-type="uri" xlink:href="https://asiointi.kela.fi/laakekys_app/LaakekysApplication?kieli=en">https://asiointi.kela.fi/laakekys_app/LaakekysApplication?kieli=en</ext-link></mixed-citation>
        </ref>
        <ref id="CR15">
          <label>15.</label>
          <mixed-citation publication-type="other">HUS Helsinki University Hospital: Service price list in HUS hospitals for 2020, Helsinki (2020)</mixed-citation>
        </ref>
        <ref id="CR16">
          <label>16.</label>
          <element-citation publication-type="journal">
            <person-group person-group-type="author">
              <name>
                <surname>Lloyd</surname>
                <given-names>A</given-names>
              </name>
              <name>
                <surname>Nafees</surname>
                <given-names>B</given-names>
              </name>
              <name>
                <surname>Narewska</surname>
                <given-names>J</given-names>
              </name>
              <name>
                <surname>Dewilde</surname>
                <given-names>S</given-names>
              </name>
              <name>
                <surname>Watkins</surname>
                <given-names>J</given-names>
              </name>
            </person-group>
            <article-title>Health state utilities for metastatic breast cancer</article-title>
            <source>Br. J. Cancer</source>
            <year>2006</year>
            <volume>95</volume>
            <fpage>683</fpage>
            <lpage>690</lpage>
            <pub-id pub-id-type="doi">10.1038/sj.bjc.6603326</pub-id>
            <pub-id pub-id-type="pmid">16967055</pub-id>
          </element-citation>
        </ref>
        <ref id="CR17">
          <label>17.</label>
          <element-citation publication-type="book">
            <person-group person-group-type="author">
              <name>
                <surname>Mäklin</surname>
                <given-names>S</given-names>
              </name>
              <name>
                <surname>Kokko</surname>
                <given-names>P</given-names>
              </name>
            </person-group>
            <source>Terveyden- ja sosiaalihuollon yksikkökustannukset Suomessa vuonna 2017 (Unit costs of health and social care in Finland in 2017)</source>
            <year>2021</year>
            <publisher-loc>Helsinki</publisher-loc>
            <publisher-name>THL</publisher-name>
          </element-citation>
        </ref>
        <ref id="CR18">
          <label>18.</label>
          <element-citation publication-type="journal">
            <person-group person-group-type="author">
              <name>
                <surname>Haltia</surname>
                <given-names>O</given-names>
              </name>
              <name>
                <surname>Färkkilä</surname>
                <given-names>N</given-names>
              </name>
              <name>
                <surname>Roine</surname>
                <given-names>RP</given-names>
              </name>
              <name>
                <surname>Sintonen</surname>
                <given-names>H</given-names>
              </name>
              <name>
                <surname>Taari</surname>
                <given-names>K</given-names>
              </name>
              <name>
                <surname>Hänninen</surname>
                <given-names>J</given-names>
              </name>
              <name>
                <surname>Lehto</surname>
                <given-names>JT</given-names>
              </name>
              <name>
                <surname>Saarto</surname>
                <given-names>T</given-names>
              </name>
            </person-group>
            <article-title>The indirect costs of palliative care in end-stage cancer: A real-life longitudinal register- and questionnaire-based study</article-title>
            <source>Palliat. Med.</source>
            <year>2018</year>
            <volume>32</volume>
            <fpage>493</fpage>
            <lpage>499</lpage>
            <pub-id pub-id-type="doi">10.1177/0269216317729789</pub-id>
            <pub-id pub-id-type="pmid">28895471</pub-id>
          </element-citation>
        </ref>
        <ref id="CR19">
          <label>19.</label>
          <element-citation publication-type="journal">
            <person-group person-group-type="author">
              <name>
                <surname>Gong</surname>
                <given-names>Q</given-names>
              </name>
              <name>
                <surname>Fang</surname>
                <given-names>L</given-names>
              </name>
            </person-group>
            <article-title>Asymptotic properties of mean survival estimate based on the Kaplan-Meier curve with an extrapolated tail</article-title>
            <source>Pharm. Stat.</source>
            <year>2012</year>
            <volume>11</volume>
            <fpage>135</fpage>
            <lpage>140</lpage>
            <pub-id pub-id-type="doi">10.1002/pst.514</pub-id>
            <pub-id pub-id-type="pmid">22323424</pub-id>
          </element-citation>
        </ref>
        <ref id="CR20">
          <label>20.</label>
          <element-citation publication-type="journal">
            <person-group person-group-type="author">
              <name>
                <surname>Tremblay</surname>
                <given-names>G</given-names>
              </name>
              <name>
                <surname>Haines</surname>
                <given-names>P</given-names>
              </name>
              <name>
                <surname>Briggs</surname>
                <given-names>A</given-names>
              </name>
            </person-group>
            <article-title>A criterion-based approach for the systematic and transparent extrapolation of clinical trial survival data</article-title>
            <source>J. Health Econ. Outcomes Res.</source>
            <year>2015</year>
            <volume>2</volume>
            <fpage>147</fpage>
            <lpage>169</lpage>
            <pub-id pub-id-type="doi">10.36469/9896</pub-id>
            <pub-id pub-id-type="pmid">37663587</pub-id>
          </element-citation>
        </ref>
        <ref id="CR21">
          <label>21.</label>
          <element-citation publication-type="journal">
            <person-group person-group-type="author">
              <name>
                <surname>Verma</surname>
                <given-names>S</given-names>
              </name>
              <name>
                <surname>Miles</surname>
                <given-names>D</given-names>
              </name>
              <name>
                <surname>Gianni</surname>
                <given-names>L</given-names>
              </name>
              <name>
                <surname>Krop</surname>
                <given-names>IE</given-names>
              </name>
              <name>
                <surname>Welslau</surname>
                <given-names>M</given-names>
              </name>
              <name>
                <surname>Baselga</surname>
                <given-names>J</given-names>
              </name>
              <name>
                <surname>Pegram</surname>
                <given-names>M</given-names>
              </name>
              <name>
                <surname>Oh</surname>
                <given-names>D-Y</given-names>
              </name>
              <name>
                <surname>Diéras</surname>
                <given-names>V</given-names>
              </name>
              <name>
                <surname>Guardino</surname>
                <given-names>E</given-names>
              </name>
              <name>
                <surname>Fang</surname>
                <given-names>L</given-names>
              </name>
              <name>
                <surname>Lu</surname>
                <given-names>MW</given-names>
              </name>
              <name>
                <surname>Olsen</surname>
                <given-names>S</given-names>
              </name>
              <name>
                <surname>Blackwell</surname>
                <given-names>K</given-names>
              </name>
            </person-group>
            <article-title>Trastuzumab emtansine for HER2-positive advanced breast cancer</article-title>
            <source>N. Engl. J. Med.</source>
            <year>2012</year>
            <volume>367</volume>
            <fpage>1783</fpage>
            <lpage>1791</lpage>
            <pub-id pub-id-type="doi">10.1056/NEJMoa1209124</pub-id>
            <pub-id pub-id-type="pmid">23020162</pub-id>
          </element-citation>
        </ref>
        <ref id="CR22">
          <label>22.</label>
          <mixed-citation publication-type="other">Official Statistics of Finland (OSF): Appendix table 1. Consumer price index 2015=100 by commodity groups. <ext-link ext-link-type="uri" xlink:href="http://www.stat.fi/til/khi/2022/02/khi_2022_02_2022-03-14_tau_001_en.html">http://www.stat.fi/til/khi/2022/02/khi_2022_02_2022-03-14_tau_001_en.html</ext-link> (2022).</mixed-citation>
        </ref>
        <ref id="CR23">
          <label>23.</label>
          <element-citation publication-type="book">
            <person-group person-group-type="author">
              <name>
                <surname>Härkönen</surname>
                <given-names>U</given-names>
              </name>
              <name>
                <surname>Itkonen</surname>
                <given-names>L</given-names>
              </name>
              <name>
                <surname>Kiviniemi</surname>
                <given-names>V</given-names>
              </name>
              <name>
                <surname>Oravilahti</surname>
                <given-names>T</given-names>
              </name>
            </person-group>
            <article-title>Trastutsumabiemtansiini HER2-positiivisen rintasyövän hoidossa</article-title>
            <source>Fimea kehittää, arvioi ja informoi –julkaisusarja</source>
            <year>2015</year>
            <publisher-loc>Helsinki</publisher-loc>
            <publisher-name>Fimea (Finnish Medicines Agency)</publisher-name>
          </element-citation>
        </ref>
        <ref id="CR24">
          <label>24.</label>
          <element-citation publication-type="book">
            <person-group person-group-type="author">
              <name>
                <surname>Briggs</surname>
                <given-names>A</given-names>
              </name>
              <name>
                <surname>Sculpher</surname>
                <given-names>M</given-names>
              </name>
              <name>
                <surname>Claxton</surname>
                <given-names>K</given-names>
              </name>
            </person-group>
            <source>Decision Modelling for Health Economic Evaluation</source>
            <year>2006</year>
            <publisher-loc>Oxford</publisher-loc>
            <publisher-name>Oup Oxford</publisher-name>
          </element-citation>
        </ref>
        <ref id="CR25">
          <label>25</label>
          <element-citation publication-type="journal">
            <person-group person-group-type="author">
              <name>
                <surname>Guyot</surname>
                <given-names>P</given-names>
              </name>
              <name>
                <surname>Welton</surname>
                <given-names>N</given-names>
              </name>
              <name>
                <surname>Beasley</surname>
                <given-names>M</given-names>
              </name>
              <name>
                <surname>Ades</surname>
                <given-names>A</given-names>
              </name>
            </person-group>
            <article-title>Extrapolation of trial-based survival curves using external information</article-title>
            <source>Value Health</source>
            <year>2014</year>
            <pub-id pub-id-type="doi">10.1016/j.jval.2014.08.587</pub-id>
            <pub-id pub-id-type="pmid">27200546</pub-id>
          </element-citation>
        </ref>
        <ref id="CR26">
          <label>26.</label>
          <element-citation publication-type="journal">
            <person-group person-group-type="author">
              <name>
                <surname>Vickers</surname>
                <given-names>A</given-names>
              </name>
            </person-group>
            <article-title>An evaluation of survival curve extrapolation techniques using long-term observational cancer data</article-title>
            <source>Med. Decis. Mak.</source>
            <year>2019</year>
            <volume>39</volume>
            <fpage>926</fpage>
            <lpage>938</lpage>
            <pub-id pub-id-type="doi">10.1177/0272989X19875950</pub-id>
          </element-citation>
        </ref>
      </ref-list>
    </back>
  </article>
</pmc-articleset>
