<pmc-articleset>
  <article xmlns:mml="http://www.w3.org/1998/Math/MathML" xmlns:xlink="http://www.w3.org/1999/xlink" dtd-version="1.3" xml:lang="en" article-type="research-article">
    <?properties open_access?>
    <processing-meta base-tagset="archiving" mathml-version="3.0" table-model="xhtml" tagset-family="jats">
      <restricted-by>pmc</restricted-by>
    </processing-meta>
    <front>
      <journal-meta>
        <journal-id journal-id-type="nlm-ta">J Nurs Manag</journal-id>
        <journal-id journal-id-type="iso-abbrev">J Nurs Manag</journal-id>
        <journal-id journal-id-type="publisher-id">JONM</journal-id>
        <journal-title-group>
          <journal-title>Journal of Nursing Management</journal-title>
        </journal-title-group>
        <issn pub-type="ppub">0966-0429</issn>
        <issn pub-type="epub">1365-2834</issn>
        <publisher>
          <publisher-name>Wiley</publisher-name>
        </publisher>
      </journal-meta>
      <article-meta>
        <article-id pub-id-type="pmc">11919128</article-id>
        <article-id pub-id-type="doi">10.1155/2024/9989080</article-id>
        <article-categories>
          <subj-group subj-group-type="heading">
            <subject>Research Article</subject>
          </subj-group>
        </article-categories>
        <title-group>
          <article-title>Nurse-Led Telephone Program for Nonadherent to Treatment Type 2 Diabetics With Comorbid Depression: A Cost-Consequence and Budget Impact Analysis</article-title>
        </title-group>
        <contrib-group>
          <contrib contrib-type="author">
            <contrib-id contrib-id-type="orcid">https://orcid.org/0000-0001-8357-1279</contrib-id>
            <name>
              <surname>Gómez-Barrera</surname>
              <given-names>Manuel</given-names>
            </name>
            <xref rid="I1" ref-type="aff">
              <sup>1</sup>
            </xref>
            <xref rid="I2" ref-type="aff">
              <sup>2</sup>
            </xref>
          </contrib>
          <contrib contrib-type="author">
            <contrib-id contrib-id-type="orcid">https://orcid.org/0000-0003-2448-1630</contrib-id>
            <name>
              <surname>Lozano-Del Hoyo</surname>
              <given-names>María Luisa</given-names>
            </name>
            <xref rid="I3" ref-type="aff">
              <sup>3</sup>
            </xref>
            <xref rid="I4" ref-type="aff">
              <sup>4</sup>
            </xref>
          </contrib>
          <contrib contrib-type="author">
            <contrib-id contrib-id-type="orcid">https://orcid.org/0000-0003-4013-1315</contrib-id>
            <name>
              <surname>Roy</surname>
              <given-names>Juan Francisco</given-names>
            </name>
            <xref rid="I1" ref-type="aff">
              <sup>1</sup>
            </xref>
            <xref rid="I5" ref-type="aff">
              <sup>5</sup>
            </xref>
          </contrib>
          <contrib contrib-type="author" corresp="yes">
            <contrib-id contrib-id-type="orcid">https://orcid.org/0000-0002-6455-119X</contrib-id>
            <name>
              <surname>Fernández-Rodrigo</surname>
              <given-names>María Teresa</given-names>
            </name>
            <email>maitefer@unizar.es</email>
            <xref rid="I3" ref-type="aff">
              <sup>3</sup>
            </xref>
            <xref rid="I6" ref-type="aff">
              <sup>6</sup>
            </xref>
          </contrib>
          <contrib contrib-type="author">
            <contrib-id contrib-id-type="orcid">https://orcid.org/0000-0003-0045-7871</contrib-id>
            <name>
              <surname>Gómez-Torres</surname>
              <given-names>Piedad</given-names>
            </name>
            <xref rid="I3" ref-type="aff">
              <sup>3</sup>
            </xref>
            <xref rid="I7" ref-type="aff">
              <sup>7</sup>
            </xref>
          </contrib>
          <contrib contrib-type="author">
            <contrib-id contrib-id-type="orcid">https://orcid.org/0000-0002-8197-9884</contrib-id>
            <name>
              <surname>Blázquez-Ornat</surname>
              <given-names>Isabel</given-names>
            </name>
            <xref rid="I3" ref-type="aff">
              <sup>3</sup>
            </xref>
          </contrib>
          <contrib contrib-type="author">
            <contrib-id contrib-id-type="orcid">https://orcid.org/0000-0002-1894-1621</contrib-id>
            <name>
              <surname>Pérez-Calahorra</surname>
              <given-names>Sofía</given-names>
            </name>
            <xref rid="I3" ref-type="aff">
              <sup>3</sup>
            </xref>
          </contrib>
          <contrib contrib-type="author">
            <contrib-id contrib-id-type="orcid">https://orcid.org/0009-0008-5006-7082</contrib-id>
            <name>
              <surname>Samaniego Diaz de Corcuera</surname>
              <given-names>Maria Esther</given-names>
            </name>
            <xref rid="I8" ref-type="aff">
              <sup>8</sup>
            </xref>
            <xref rid="I9" ref-type="aff">
              <sup>9</sup>
            </xref>
          </contrib>
          <contrib contrib-type="author">
            <contrib-id contrib-id-type="orcid">https://orcid.org/0000-0003-0624-5976</contrib-id>
            <name>
              <surname>Ferrer-López</surname>
              <given-names>Emilia</given-names>
            </name>
            <xref rid="I3" ref-type="aff">
              <sup>3</sup>
            </xref>
            <xref rid="I10" ref-type="aff">
              <sup>10</sup>
            </xref>
          </contrib>
          <contrib contrib-type="author">
            <contrib-id contrib-id-type="orcid">https://orcid.org/0000-0002-7911-9949</contrib-id>
            <name>
              <surname>Ramón-Arbués</surname>
              <given-names>Enrique</given-names>
            </name>
            <xref rid="I1" ref-type="aff">
              <sup>1</sup>
            </xref>
            <xref rid="I8" ref-type="aff">
              <sup>8</sup>
            </xref>
          </contrib>
        </contrib-group>
        <aff id="I1"><sup>1</sup>Faculty of Health Sciences, San Jorge University, Villanueva de Gállego 50003, Zaragoza, Spain</aff>
        <aff id="I2"><sup>2</sup>Pharmacoeconomics and Outcomes Research Iberia, PORIB, Madrid, Spain</aff>
        <aff id="I3"><sup>3</sup>Department of Physiatry and Nursing, Faculty of Health Sciences, SAPIENF Research Group (B53-23R), University of Zaragoza, Zaragoza 50009, Spain</aff>
        <aff id="I4"><sup>4</sup>Las Fuentes Norte Health Center, Aragonese Health Service, Zaragoza, Spain</aff>
        <aff id="I5"><sup>5</sup>International University of La Rioja, Faculty of Health Sciences, Logroño 26006, Spain</aff>
        <aff id="I6"><sup>6</sup>University Institute of Environmental Sciences (IUCA), University of Zaragoza, Zaragoza, Spain</aff>
        <aff id="I7"><sup>7</sup>Research Group in Care (GIIS081), University Clinical Hospital Lozano Blesa, Institute for Health Research Aragón, Zaragoza 50009, Spain</aff>
        <aff id="I8"><sup>8</sup>SAPIENF Research Group (B53-23R), University of Zaragoza, Zaragoza 50009, Spain</aff>
        <aff id="I9"><sup>9</sup>Nursing Department, Nuestra Señora del Pilar Psychosocial Rehabilitation Center, Zaragoza, Spain</aff>
        <aff id="I10"><sup>10</sup>Nephrology and Renal Transplant Research Group-GIIS073, University Clinical Hospital Miguel Servet, Aragón Institute for Health Research IIS-Aragon, Zaragoza, Spain</aff>
        <author-notes>
          <fn fn-type="other">
            <p>Academic Editor: Kwangsoo Shin</p>
          </fn>
        </author-notes>
        <pub-date pub-type="collection">
          <year>2024</year>
        </pub-date>
        <pub-date pub-type="epub">
          <day>20</day>
          <month>11</month>
          <year>2024</year>
        </pub-date>
        <volume>2024</volume>
        <elocation-id>9989080</elocation-id>
        <history>
          <date date-type="received">
            <day>15</day>
            <month>7</month>
            <year>2024</year>
          </date>
          <date date-type="accepted">
            <day>24</day>
            <month>10</month>
            <year>2024</year>
          </date>
        </history>
        <permissions>
          <copyright-statement>Copyright © 2024 Manuel Gómez-Barrera et al.</copyright-statement>
          <copyright-year>2024</copyright-year>
          <license>
            <ali:license_ref xmlns:ali="http://www.niso.org/schemas/ali/1.0/" specific-use="textmining" content-type="ccbylicense">https://creativecommons.org/licenses/by/4.0/</ali:license_ref>
            <license-p>This is an open access article distributed under the Creative Commons Attribution License, which permits unrestricted use, distribution, and reproduction in any medium, provided the original work is properly cited.</license-p>
          </license>
        </permissions>
        <kwd-group kwd-group-type="Inspec">
          <title>Keywords</title>
          <kwd>budget impact</kwd>
          <kwd>cost-consequence</kwd>
          <kwd>depression</kwd>
          <kwd>tele-nursing</kwd>
          <kwd>treatment adherence</kwd>
          <kwd>Type 2 diabetes mellitus</kwd>
        </kwd-group>
        <funding-group>
          <award-group>
            <funding-source xlink:href="http://dx.doi.org/10.13039/501100007041">Universidad de Zaragoza</funding-source>
          </award-group>
        </funding-group>
      </article-meta>
    </front>
    <body>
      <p>
        <bold>Summary</bold>
        <list list-type="simple">
          <list-item>
            <p>• Implications for Practice and/or Patient Care: The implementation of a nurse-led psychoeducational telephone program such as TELE-DD is capable of improving metabolic control in patients with Type 2 diabetes mellitus (T2DM) and depression who are nonadherent to treatment, leading to cost savings for the healthcare system from 12 months of its implementation.</p>
          </list-item>
          <list-item>
            <p>• Patient or Public Contribution: “No patient or public contribution.”</p>
          </list-item>
          <list-item>
            <p>• Reporting Method: In this study, we adhered to relevant EQUATOR guidelines, and we followed the Consolidated Health Economic Evaluation Reporting Standards (CHEERS) reporting.</p>
          </list-item>
        </list>
      </p>
      <sec id="sec1">
        <title>1. Introduction</title>
        <p>Type 2 diabetes mellitus (T2DM) is one of the fastest growing noncommunicable diseases worldwide in recent years [<xref rid="B1" ref-type="bibr">1</xref>]. This disease and its associated complications have a significant economic impact [<xref rid="B2" ref-type="bibr">2</xref>, <xref rid="B3" ref-type="bibr">3</xref>]. Global diabetes-related healthcare expenditures are estimated to have reached US $966 billion in 2021 and are projected to continue to increase in the future [<xref rid="B4" ref-type="bibr">4</xref>]. The enormous economic and social burdens resulting from T2DM demand new ways to improve disease control and, consequently, to curb healthcare spending.</p>
      </sec>
      <sec id="sec2">
        <title>2. Background</title>
        <p>In this context, adherence to pharmacological treatment and lifestyle modifications (primarily healthy eating and physical activity) are key to achieving better economic and health outcomes [<xref rid="B5" ref-type="bibr">5</xref>]. It is estimated that in the United States, better adherence to diabetes medication could prevent many emergency department visits and hospitalizations each year, resulting in annual savings of up to $4.7 billion [<xref rid="B6" ref-type="bibr">6</xref>].</p>
        <p>However, nonadherence to treatment for chronic diseases is a global problem that tends to increase [<xref rid="B7" ref-type="bibr">7</xref>], with the presence of depressive states being one of the strongest factors linked to this nonadherence [<xref rid="B8" ref-type="bibr">8</xref>, <xref rid="B9" ref-type="bibr">9</xref>]. In the case of diabetes, the prevalence of depressive disorders is approximately twice the prevalence of depression in nondiabetics [<xref rid="B10" ref-type="bibr">10</xref>]. Evidence suggests that depressive symptoms and distress are associated with poorer self-care of diabetes and lower adherence to personal care regimens, such as glucose monitoring, diet, exercise, and poor medication compliance leading to worse glycemic control [<xref rid="B11" ref-type="bibr">11</xref>]. Therefore, this comorbidity ultimately results in a higher incidence of coronary heart disease, diabetes-related complications, hospital admissions, and ultimately higher healthcare costs [<xref rid="B12" ref-type="bibr">12</xref>]. Costs associated with depression and T2DM are high at an individual level, but comorbid diagnoses generate incremental costs greater than the sum of the costs of each diagnosis separately [<xref rid="B13" ref-type="bibr">13</xref>]. Thus, a recent study conducted in Germany found healthcare spending to be 42.2% higher in patients with T2DM with depression compared to those without depression [<xref rid="B14" ref-type="bibr">14</xref>].</p>
        <p>From this perspective, the implementation of interventions specifically targeted at this patient population (T2DM + depression) that promote greater adherence to pharmacological and behavioral treatment for disease control is necessary. The TELE-DD program is a nurse-led telephone intervention that has promoted significant clinical improvements in this group of comorbid patients treated in the public health system of Aragon, Spain. The TELE-DD program employs a multicomponent approach that integrates educational, clinical, and emotional aspects, tailored to the individual needs of patients with T2DM and depression. This holistic integration is designed to enhance treatment adherence and clinical outcomes while addressing emotional well-being. TELE-DD offers a significant advantage over more rigid initiatives that do not consider these crucial factors for comprehensive and personalized care [<xref rid="B15" ref-type="bibr">15</xref>]. However, for the inclusion of new healthcare provisions, policymakers must consider not only clinical outcomes but also the costs associated with the implementation of new health strategies. The aim of this study was to analyze the efficiency of the TELE-DD program through a cost-consequence analysis and budget impact taking our regional public health system as reference.</p>
      </sec>
      <sec id="sec3">
        <title>3. Methods</title>
        <sec id="sec3.1">
          <title>3.1. Design and Setting</title>
          <p>This study builds upon the results obtained from the TELE-DD clinical study, which evaluated the outcomes of implementing a nurse-led intervention for patients with T2DM and depression who were nonadherent to their pharmacological treatment. TELE-DD was an initiative developed within the primary healthcare setting under the auspices of the Health Planning Service of the Aragon Health Service. It was a psychoeducational intervention based on the guidelines outlined in the Joint Position Statement of the American Diabetes Association, the American Association of Diabetes Educators, and the Academy of Nutrition and Dietetics [<xref rid="B16" ref-type="bibr">16</xref>]. TELE-DD was framed within the cognitive-behavioral approach and was implemented through structured monthly telephone calls over 18 months, with an average duration of 20 min, conducted by nurses specialized in mental health and primary healthcare who were previously trained. The telephone contacts had a multicomponent, motivational, personalized, and adaptive approach.</p>
          <p>The main objectives of the intervention were to promote treatment adherence, foster awareness of negative and/or erroneous thoughts, stimulate the physician–nurse–patient relationship, educate on healthy lifestyle behaviors, develop skills for managing emotional distress and problem-solving, and ultimately improve the quality of life and biopsychosocial well-being of patients. The protocol and the results related to effectiveness have previously been published.</p>
        </sec>
        <sec id="sec3.2">
          <title>3.2. Data Collection</title>
          <p>Following the completion of this clinical trial, an economic analysis was conducted from the perspective of the public healthcare system of Aragon (Spain), as it is the financier of nursing services. Clinical and epidemiological data were extracted from the clinical trial, while the remaining necessary data, including economic quantification, were obtained from published literature. Additionally, all economic data extracted were updated to euros (€) of 2023 using the income updating tool from the National Statistics Institute (Instituto Nacional de Estadística) [<xref rid="B17" ref-type="bibr">17</xref>].</p>
          <p>The reference clinical trial analyzed baseline data from 428 individuals (225 in the intervention group and 203 in the control group). In the intervention group, the mean age was 71.4 years (SD 10.3), the proportion of males was 28.4%, and the time since the diagnosis of T2DM was 10.2 years (SD 5.7). In the control group, the mean age was 71.5 years (SD 10.5), the proportion of males was 28.1%, and the time since the diagnosis of T2DM was 9.8 years (SD 5.5). No cases were statistically significant differences observed between the two groups. The outcome measure was the proportion of patients with T2DM controlled at 6, 12, and 18 months, accepting a value of HbA1c &lt; 7% to define a patient with controlled T2DM. The results extracted from the TELE-DD trial are presented in <xref rid="tab1" ref-type="table">Table 1</xref>.</p>
        </sec>
        <sec id="sec3.3">
          <title>3.3. Cost per Patient</title>
          <p>In the present study, we followed the CHEERS reporting guidelines [<xref rid="B18" ref-type="bibr">18</xref>]. For the estimation of the costs of implementing this intervention, we assumed 120 min per semester per nurse and patient, in addition to a routine quarterly visit. In the control group, the same routine quarterly visit was assumed. The duration of a nursing consultation was estimated at 10 min [<xref rid="B19" ref-type="bibr">19</xref>], and the cost per hour of a primary care nurse was estimated at €17.35 based on a payroll including base salary plus experience supplements in our reference healthcare system. The cost per patient is presented in <xref rid="tab2" ref-type="table">Table 2</xref>.</p>
        </sec>
        <sec id="sec3.4">
          <title>3.4. Results Calculated</title>
          <p>Due to the outcome variables used corresponding to units of clinical outcome, a cost-consequence analysis was conducted. The time horizon used was 6, 12, and 18 months as these were the outcome assessment time points from the original clinical trial; the discount rate was not considered as there were no interannual comparisons. The average cost per controlled patient (MCER) corresponding to the mean cost per controlled T2DM patient was calculated, as well as the incremental cost-effectiveness ratio (ICER) corresponding to the additional cost required to achieve an additional outcome with the implementation of TELE-DD. A univariate sensitivity analysis was performed based on the 95% confidence interval (CI) of the clinical outcomes obtained to analyze the robustness of the results in the least and most favorable scenarios. MCER and ICER were recalculated according to CI limits of patients with HbA1c &lt; 7% at 6, 12, and 18 months. Minimum value of CI was considered less favorable scenario, and maximum value of CI was considered more favorable scenario. If the main conclusions are maintained in different scenarios and base case, the robustness of the results will be achieved.</p>
          <p>Similarly, the budget impact of implementing this program in the Autonomous Community of Aragon for the group of nonadherent patients with T2DM and depression was calculated. The time horizon used was 1 year, so no discount rate was applied. To estimate this budget impact, it was assumed that the hiring of three nurses responsible for coordinating and managing the implementation of the program would be necessary. <xref rid="tab3" ref-type="table"> Table 3</xref> presents the parameters considered in the budget impact model, as well as their sources.</p>
        </sec>
        <sec id="sec3.5">
          <title>3.5. Ethical Considerations</title>
          <p>The present economic analysis is based on the clinical results described in the TELE-DD clinical trial [<xref rid="B20" ref-type="bibr">20</xref>]. The TELE-DD project was previously evaluated and approved by the Health Research Commission Sector II of HEALTH, Secretary of the Unit of Healthcare Quality and Assistance of HEALTH, authorized by the Clinical Research Ethics Committee of Aragon, Spain (CEICA, Exp. CP-CI-PI17-0167), and registered in ClinicalTrials.gov. TELE-DD was designed following the ethical standards outlined in the Declaration of Helsinki and its subsequent amendments.</p>
        </sec>
      </sec>
      <sec id="sec4">
        <title>4. Results</title>
        <p>Between May 2018 and February 2020, 428 participants were randomized. The TELE-DD group (<italic>n</italic> = 225) and the usual care group (<italic>n</italic> = 203) were similar at baseline [<xref rid="B22" ref-type="bibr">22</xref>].</p>
        <sec id="sec4.1">
          <title>4.1. Cost-Effectiveness</title>
          <p><xref rid="tab4" ref-type="table">Table 4</xref> presents the results of MCER and ICER cost per patient with controlled DM. It can be observed that the number of controlled patients is higher in the TELE-DD group at 6, 12, and 18 months, and the costs are also higher. The MCER corresponding to the cost of obtaining a controlled patient is higher in the TELE-DD group at 6 months, €160.31 compared to €49.79. However, at 12 and 18 months, this MCER is lower in the TELE-DD group, €150.09 compared to €179.59 at 12 months and €209.22 compared to €376.88 at 18 months (<xref rid="fig1" ref-type="fig">Figure 1</xref>). This means that at 12 and 18 months of implementing this intervention, the investment required to achieve a controlled patient is reduced, and the use of the intervention to ensure that a nonadherent patient with T2DM and depression becomes controlled is more efficient. <xref rid="fig2" ref-type="fig"> Figure 2</xref> shows the cost-effectiveness plane with the evolution of the ICER at 6, 12, and 18 months. The shift of the points upward and to the right implies that the increase in costs is associated with an increase in results, which is more noticeable in the short term when a greater number of patients are monitored. The sensitivity analysis showed the best results for TELE-DD in the more favorable scenario with respect to a less favorable scenario because the difference between the two alternatives is higher in the upper limits of the CIs of controlled patients. In the most favorable scenario at 12 months, the cost per controlled patient is slightly higher (€7.15) in TELE-DD but is fairly lower in the base case and in a less favorable scenario and in 18 months; we can conclude that the higher benefit of the TELE-DD program will be reached between 12 and 18 months.</p>
        </sec>
        <sec id="sec4.2">
          <title>4.2. Budget Impact</title>
          <p><xref rid="tab5" ref-type="table">Table 5</xref> presents the results for the target population for the implementation of the TELE-DD intervention across the entire autonomous community of Aragon. <xref rid="tab6" ref-type="table"> Table 6</xref> presents the results of the program implementation; it can be observed that the implementation of TELE-DD in patients with T2DM and nonadherent depression would result in a reduction in expenditure of €721,940.68. This difference is attributed to the higher number of patients with controlled T2DM, 1729 in TELE-DD compared to 311 in standard treatment, and their lower cost.</p>
        </sec>
      </sec>
      <sec id="sec5">
        <title>5. Discussion</title>
        <p>Previously, we demonstrated that the implementation of a telephonic psychoeducational program led by nursing professionals, such as TELE-DD, improved metabolic control in nonadherent patients with T2DM and depression [<xref rid="B22" ref-type="bibr">22</xref>]. In this study, we have shown that a moderate investment like this intervention can lead to savings for the healthcare system starting from 12 months of implementation.</p>
        <p>Within the first year, TELE-DD participants showed a much higher probability of achieving HbA1c levels &lt; 7% compared to patients under usual care (54.3% vs. 9.8%). These clinical results were achieved with a lower MCER (€150.09 vs. €179.59 for usual care) and a very reasonable ICER (95% CI) of 143.65 (153.38–135.08) per controlled patient (HbA1c &lt; 7%) at 12 months. At 12 months, the sensitivity analysis in a more favorable scenario showed a slightly higher cost (€7.15) in the TELE-DD group, indicating that, in patients with a potentially more favorable response, the intervention may require more time to demonstrate its efficiency.</p>
        <p>The resulting budget impact analysis suggests that the TELE-DD program could lead to a significant cost reduction for the public healthcare system (−€721,940.68 per year of implementation).</p>
        <p>We believe that the strength of the TELE-DD program lies in two fundamental aspects: (i) its nursing leadership, unlike usual care where family physicians are more actively involved, and (ii) its cognitive-behavioral approach, which contrasts with the predominantly informative and prescriptive model of usual care.</p>
        <p>The clinical and economic importance of the nursing role in managing chronic processes such as T2DM has been previously reported. In economic terms, [<xref rid="B23" ref-type="bibr">23</xref>] observed a lower likelihood of hospitalization and emergency service use in diabetic patients attended by nurses compared to those attended by doctors, resulting in cost savings of $500 per patient per year. Similar trends have been observed in the management of different profiles of chronic patients [<xref rid="B24" ref-type="bibr">24</xref>, <xref rid="B25" ref-type="bibr">25</xref>].</p>
        <p>Behavioral change strategies, similar to the intervention analyzed in this study, have shown economically positive results, both from the healthcare system and societal perspectives [<xref rid="B26" ref-type="bibr">26</xref>]. A recent systematic review by the National Institute for Health Research [<xref rid="B27" ref-type="bibr">27</xref>] concluded that intensive interventions based on a cognitive-behavioral approach are more cost-effective than those based solely on counseling or usual care. This finding may be even more relevant in people with depression, such as the target population of TELE-DD. People with depressive disorders tend to be less adherent to T2DM treatment [<xref rid="B28" ref-type="bibr">28</xref>], and in turn, they may benefit more from interventions with a cognitive-behavioral approach, which is a preferred psychological care paradigm in managing depression. In this regard, recent systematic reviews with meta-analyses conclude that cognitive-behavioral interventions improve depressive symptoms in people with chronic diseases overall [<xref rid="B29" ref-type="bibr">29</xref>, <xref rid="B30" ref-type="bibr">30</xref>], including diabetes in particular [<xref rid="B31" ref-type="bibr">31</xref>]. From this perspective, it is plausible to assume that such interventions can enhance psychological health, self-control behaviors, subsequent medical outcomes, and ultimately, the costs associated with patients with T2DM and depressive disorder.</p>
        <p>Currently, several factors need to be considered in healthcare budget allocation strategies. The severity and magnitude of the disease, budgetary impact, availability of treatment alternatives, and legal, ethical, and organizational issues play a fundamental role in decision-making [<xref rid="B32" ref-type="bibr">32</xref>]. However, healthcare is a field where needs grow at a faster rate than resources to meet them. Therefore, policymakers need more economic studies to aid decision-making. Currently, patient self-care support programs are structurally underfunded, and healthcare economic research on these strategies is underrepresented compared to evaluations of healthcare technologies and medications [<xref rid="B33" ref-type="bibr">33</xref>]. To our knowledge, this is the first study to analyze the balance between cost and outcomes of a nurse-led telephone intervention for managing T2DM in patients with depression. Our results indicate that it is a useful and cost-effective strategy for managing these patients and an effective cost-saving strategy for the healthcare system. To maximize the benefits of this initiative and ensure its long-term sustainability, several key policies should be implemented. Including the TELE-DD program as an essential component of public primary care services is crucial to ensure that all patients with T2DM and depression have access to this intervention. Establishing ongoing training plans for nurses in motivational interviewing and collaborative care techniques is imperative. Keeping staff up-to-date will enhance the program's effectiveness and increase patient satisfaction. Additionally, a robust monitoring and evaluation system should be developed to measure the program's effectiveness and make adjustments based on empirical data. This system will help identify areas for improvement and ensure that the program remains aligned with its objectives. Implementing these recommendations can optimize the TELE-DD program, ensuring its long-term effectiveness and sustainability, and providing a replicable model for other public health interventions. Policymakers should account for these funding needs, considering the potential medium- and long-term savings in hospitalization and emergency care costs.</p>
        <p>Some limitations of this study should be noted. We opted for a perspective of direct costs from the healthcare resource funder instead of a broader social perspective; future analyses specifically oriented would provide more information on relevant costs derived from productivity losses of younger patients and formal or informal caregivers of older patients. In this regard, it is estimated that in Spain, the direct costs associated with T2DM amount to €5.1 billion, and the costs associated with productivity loss amount to €2.8 billion [<xref rid="B34" ref-type="bibr">34</xref>]. Additionally, our analysis only provides economic results related to the control of T2DM; it does not calculate the savings associated with the improvement in mental health or other clinical parameters (such as LDL cholesterol and blood pressure values) achieved by the TELE-DD [<xref rid="B20" ref-type="bibr">20</xref>]. It is reasonable to assume that by including these parameters, the benefit derived from the implementation of the TELE-DD program could be even higher than reported here.</p>
        <p>In addition, our analysis only provides economic results related to T2DM control and does not calculate the savings associated with improvements in mental health or other clinical parameters (LDL cholesterol and blood pressure values) achieved by TELE-DD. It is reasonable to think that including these parameters, the benefit derived from the TELE-DD program implementation may be even higher than reported here. Lastly, this study only reports the economic results of 18 months of intervention. At this point, two factors suggest the need for further analysis over longer time horizons. The implications of long-term research on the TELE-DD program are significant and multifaceted, addressing both patient response and severe complications associated with poor control of T2DM. First, understanding the long-term response of patients to such initiative is crucial for assessing the sustainability and continued effectiveness of the intervention. This research would enable the identification of whether the benefits observed in the first 18 months are maintained, improved, or diminished over time. Additionally, it could reveal long-term patterns of adherence and behavior, providing valuable data on how patients integrate self-management strategies into their daily lives. These findings could inform adjustments and improvements to the programs, ensuring their relevance and effectiveness over the years. Second, severe complications from poor control of T2DM, such as cardiovascular disease, neuropathy, nephropathy, and retinopathy, may develop over the years and significantly impact the economic outcomes of the initiative. Long-term research would allow for an assessment of how such an intervention influences the incidence and progression of these complications. If the initiative proves effective in reducing these complications, the economic savings could be substantial, not only in terms of direct healthcare costs but also in reducing the need for hospitalizations and emergency treatments. Furthermore, a lower incidence of severe complications would improve the quality of life for patients, potentially translating into increased productivity and lower costs associated with lost productivity and informal care. These findings would be critical to justify continued investment in the program and could serve as a basis for its expansion and adaptation to other populations and contexts.</p>
      </sec>
      <sec id="sec6">
        <title>6. Conclusion</title>
        <p>The findings of this economic study suggest that in patients with T2DM and depression, a multicomponent, motivational, and personalized telephone intervention such as that proposed in the TELE-DD program improves T2DM control and is an efficient option in managing healthcare resources. These results underscore the importance of promoting self-care support strategies in chronic patients and highlighting the fundamental role of nursing in controlling chronic patients and efficiently using healthcare resources.</p>
      </sec>
    </body>
    <back>
      <ack>
        <title>Acknowledgments</title>
        <p>The authors acknowledge SAPIENF Research Group (B53_23R), University of Zaragoza, Spain; Faculty of Health Sciences, Zaragoza, Spain; San Jorge University, Zaragoza, Spain; Las Fuentes Norte Health Center, Aragonese Health Service, Zaragoza, Spain; Pharmacoeconomics and Outcomes Research Iberia, PORIB, Madrid, Spain; and University Institute of Environmental Sciences (IUCA), University of Zaragoza, Spain.</p>
      </ack>
      <sec sec-type="data-availability">
        <title>Data Availability Statement</title>
        <p>The data that support the findings of the study are available from the corresponding author upon request.</p>
      </sec>
      <sec sec-type="COI-statement">
        <title>Conflicts of Interest</title>
        <p>The authors declare no conflicts of interest.</p>
      </sec>
      <sec>
        <title>Author Contributions</title>
        <p>Conceptualization: Manuel Gómez-Barrera, María Luisa Lozano-Del Hoyo, María Teresa Fernández-Rodrigo, Enrique Ramón-Arbués. Data curation: Manuel Gómez-Barrera. Formal analysis: Manuel Gómez-Barrera, Enrique Ramón-Arbués. Investigation: María Luisa Lozano-Del Hoyo, Juan Francisco Roy, María Teresa Fernández-Rodrigo. Methodology: Manuel Gómez-Barrera. Project administration: María Teresa Fernández-Rodrigo, María Luisa Lozano-Del Hoyo, Enrique Ramón-Arbués, Sofía Pérez-Calahorra. Resources: María Luisa Lozano-Del Hoyo, Juan Francisco Roy, María Teresa Fernández-Rodrigo. Supervision: María Luisa Lozano-Del Hoyo, Juan Francisco Roy, María Teresa Fernández-Rodrigo, Enrique Ramón-Arbués, Manuel Gómez-Barrera. Validation: Manuel Gómez-Barrera, María Luisa Lozano-Del Hoyo, María Teresa Fernández-Rodrigo, Piedad Gómez-Torres, Isabel Blázquez-Ornat, Sofía Pérez-Calahorra, Maria Esther Samaniego Diaz de Corcuera, Emilia Ferrer-López, Enrique Ramón-Arbués. Writing -original draft: Manuel Gómez-Barrera, María Luisa Lozano-Del Hoyo, María Teresa Fernández-Rodrigo, Sofía Pérez-Calahorra, Enrique Ramón-Arbués. Writing -review and editing: Enrique Ramón-Arbués, María Teresa Fernández-Rodrigo, Sofía Pérez-Calahorra, Manuel Gómez-Barrera.</p>
      </sec>
      <sec>
        <title>Funding</title>
        <p>This publication is funded by the University of Zaragoza.</p>
      </sec>
      <ref-list>
        <ref id="B1" content-type="article">
          <label>1</label>
          <element-citation publication-type="journal">
            <person-group person-group-type="author">
              <name>
                <surname>Khan</surname>
                <given-names>M. A. B.</given-names>
              </name>
              <name>
                <surname>Hashim</surname>
                <given-names>M. J.</given-names>
              </name>
              <name>
                <surname>King</surname>
                <given-names>J. K.</given-names>
              </name>
              <name>
                <surname>Govender</surname>
                <given-names>R. D.</given-names>
              </name>
              <name>
                <surname>Mustafa</surname>
                <given-names>H.</given-names>
              </name>
              <name>
                <surname>Kaabi</surname>
                <given-names>J. Al.</given-names>
              </name>
            </person-group>
            <article-title>Epidemiology of Type 2 Diabetes—Global Burden of Disease and Forecasted Trends</article-title>
            <source>
              <italic>Journal of Epidemiology and Global Health</italic>
            </source>
            <year>2020</year>
            <volume>10</volume>
            <issue>1</issue>
            <pub-id pub-id-type="doi">10.2991/JEGH.K.191028.001</pub-id>
          </element-citation>
        </ref>
        <ref id="B2" content-type="article">
          <label>2</label>
          <element-citation publication-type="journal">
            <person-group person-group-type="author">
              <name>
                <surname>Butt</surname>
                <given-names>M. D.</given-names>
              </name>
              <name>
                <surname>Ong</surname>
                <given-names>S. C.</given-names>
              </name>
              <name>
                <surname>Wahab</surname>
                <given-names>M. U.</given-names>
              </name>
              <etal/>
            </person-group>
            <article-title>Cost of Illness Analysis of Type 2 Diabetes Mellitus: The Findings From a Lower-Middle Income Country</article-title>
            <source>
              <italic>International Journal of Environmental Research and Public Health</italic>
            </source>
            <year>2022</year>
            <volume>19</volume>
            <issue>19</issue>
            <fpage>p. 12611</fpage>
            <pub-id pub-id-type="doi">10.3390/ijerph191912611</pub-id>
          </element-citation>
        </ref>
        <ref id="B3" content-type="article">
          <label>3</label>
          <element-citation publication-type="journal">
            <person-group person-group-type="author">
              <name>
                <surname>Ganasegeran</surname>
                <given-names>K.</given-names>
              </name>
              <name>
                <surname>Hor</surname>
                <given-names>C. P.</given-names>
              </name>
              <name>
                <surname>Jamil</surname>
                <given-names>M. F. A.</given-names>
              </name>
              <etal/>
            </person-group>
            <article-title>A Systematic Review of the Economic Burden of Type 2 Diabetes in Malaysia</article-title>
            <source>
              <italic>International Journal of Environmental Research and Public Health</italic>
            </source>
            <year>2020</year>
            <volume>17</volume>
            <issue>16</issue>
            <fpage>p. 5723</fpage>
            <pub-id pub-id-type="doi">10.3390/ijerph17165723</pub-id>
          </element-citation>
        </ref>
        <ref id="B4" content-type="article">
          <label>4</label>
          <element-citation publication-type="journal">
            <person-group person-group-type="author">
              <name>
                <surname>Sun</surname>
                <given-names>H.</given-names>
              </name>
              <name>
                <surname>Saeedi</surname>
                <given-names>P.</given-names>
              </name>
              <name>
                <surname>Karuranga</surname>
                <given-names>S.</given-names>
              </name>
              <etal/>
            </person-group>
            <article-title>IDF Diabetes Atlas: Global, Regional and Country-Level Diabetes Prevalence Estimates for 2021 and Projections for 2045</article-title>
            <source>
              <italic>Diabetes Research and Clinical Practice</italic>
            </source>
            <year>2022</year>
            <volume>183</volume>
            <pub-id pub-id-type="doi">10.1016/j.diabres.2021.109119</pub-id>
          </element-citation>
        </ref>
        <ref id="B5" content-type="article">
          <label>5</label>
          <element-citation publication-type="journal">
            <person-group person-group-type="author">
              <name>
                <surname>ElSayed</surname>
                <given-names>N. A.</given-names>
              </name>
              <name>
                <surname>Aleppo</surname>
                <given-names>G.</given-names>
              </name>
              <name>
                <surname>Aroda</surname>
                <given-names>V. R.</given-names>
              </name>
              <etal/>
            </person-group>
            <article-title>5. Facilitating Positive Health Behaviors and Well-Being to Improve Health Outcomes: Standards of Care in Diabetes—2023</article-title>
            <source>
              <italic>Diabetes Care</italic>
            </source>
            <year>2023</year>
            <volume>46</volume>
            <issue>Supplement_1</issue>
            <fpage>S68</fpage>
            <lpage>S96</lpage>
            <pub-id pub-id-type="doi">10.2337/dc23-S005</pub-id>
            <pub-id pub-id-type="pmid">36507648</pub-id>
          </element-citation>
        </ref>
        <ref id="B6" content-type="article">
          <label>6</label>
          <element-citation publication-type="journal">
            <person-group person-group-type="author">
              <name>
                <surname>Jha</surname>
                <given-names>A. K.</given-names>
              </name>
              <name>
                <surname>Aubert</surname>
                <given-names>R. E.</given-names>
              </name>
              <name>
                <surname>Yao</surname>
                <given-names>J.</given-names>
              </name>
              <name>
                <surname>Teagarden</surname>
                <given-names>J. R.</given-names>
              </name>
              <name>
                <surname>Epstein</surname>
                <given-names>R. S.</given-names>
              </name>
            </person-group>
            <article-title>Greater Adherence to Diabetes Drugs Is Linked to Less Hospital Use and Could Save Nearly $5 Billion Annually</article-title>
            <source>
              <italic>Health Affairs</italic>
            </source>
            <year>2012</year>
            <volume>31</volume>
            <issue>8</issue>
            <fpage>1836</fpage>
            <lpage>1846</lpage>
            <pub-id pub-id-type="doi">10.1377/hlthaff.2011.1198</pub-id>
            <pub-id pub-id-type="other">2-s2.0-84866314886</pub-id>
            <pub-id pub-id-type="pmid">22869663</pub-id>
          </element-citation>
        </ref>
        <ref id="B7" content-type="article">
          <label>7</label>
          <element-citation publication-type="journal">
            <person-group person-group-type="author">
              <name>
                <surname>Pourhabibi</surname>
                <given-names>N.</given-names>
              </name>
              <name>
                <surname>Mohebbi</surname>
                <given-names>B.</given-names>
              </name>
              <name>
                <surname>Sadeghi</surname>
                <given-names>R.</given-names>
              </name>
              <etal/>
            </person-group>
            <article-title>Determinants of Poor Treatment Adherence Among Patients With Type 2 Diabetes and Limited Health Literacy: A Scoping Review</article-title>
            <source>
              <italic>Journal of Diabetes Research</italic>
            </source>
            <year>2022</year>
            <volume>2022</volume>
            <fpage>1</fpage>
            <lpage>10</lpage>
            <pub-id pub-id-type="doi">10.1155/2022/2980250</pub-id>
          </element-citation>
        </ref>
        <ref id="B8" content-type="article">
          <label>8</label>
          <element-citation publication-type="journal">
            <person-group person-group-type="author">
              <name>
                <surname>Rosenblat</surname>
                <given-names>J. D.</given-names>
              </name>
              <name>
                <surname>Kurdyak</surname>
                <given-names>P.</given-names>
              </name>
              <name>
                <surname>Cosci</surname>
                <given-names>F.</given-names>
              </name>
              <etal/>
            </person-group>
            <article-title>Depression in the Medically Ill</article-title>
            <source>
              <italic>Australian and New Zealand Journal of Psychiatry</italic>
            </source>
            <year>2020</year>
            <volume>54</volume>
            <issue>4</issue>
            <fpage>346</fpage>
            <lpage>366</lpage>
            <pub-id pub-id-type="doi">10.1177/0004867419888576</pub-id>
            <pub-id pub-id-type="pmid">31749372</pub-id>
          </element-citation>
        </ref>
        <ref id="B9" content-type="article">
          <label>9</label>
          <element-citation publication-type="journal">
            <person-group person-group-type="author">
              <name>
                <surname>Volpato</surname>
                <given-names>E.</given-names>
              </name>
              <name>
                <surname>Toniolo</surname>
                <given-names>S.</given-names>
              </name>
              <name>
                <surname>Pagnini</surname>
                <given-names>F.</given-names>
              </name>
              <name>
                <surname>Banfi</surname>
                <given-names>P.</given-names>
              </name>
            </person-group>
            <article-title>The Relationship Between Anxiety, Depression and Treatment Adherence in Chronic Obstructive Pulmonary Disease: A Systematic Review</article-title>
            <source>
              <italic>International Journal of Chronic Obstructive Pulmonary Disease</italic>
            </source>
            <year>2021</year>
            <volume>16</volume>
            <fpage>2001</fpage>
            <lpage>2021</lpage>
            <pub-id pub-id-type="doi">10.2147/COPD.S313841</pub-id>
            <pub-id pub-id-type="pmid">34262270</pub-id>
          </element-citation>
        </ref>
        <ref id="B10" content-type="article">
          <label>10</label>
          <element-citation publication-type="journal">
            <person-group person-group-type="author">
              <name>
                <surname>Sartorius</surname>
                <given-names>N.</given-names>
              </name>
            </person-group>
            <article-title>Depression and Diabetes</article-title>
            <source>
              <italic>Dialogues in Clinical Neuroscience</italic>
            </source>
            <year>2018</year>
            <volume>20</volume>
            <issue>1</issue>
            <fpage>47</fpage>
            <lpage>52</lpage>
            <pub-id pub-id-type="doi">10.31887/dcns.2018.20.1/nsartorius</pub-id>
            <pub-id pub-id-type="pmid">29946211</pub-id>
          </element-citation>
        </ref>
        <ref id="B11" content-type="article">
          <label>11</label>
          <element-citation publication-type="journal">
            <person-group person-group-type="author">
              <name>
                <surname>Wu</surname>
                <given-names>C. S.</given-names>
              </name>
              <name>
                <surname>Hsu</surname>
                <given-names>L. Y.</given-names>
              </name>
              <name>
                <surname>Wang</surname>
                <given-names>S. H.</given-names>
              </name>
            </person-group>
            <article-title>Association of Depression and Diabetes Complications and Mortality: A Population-Based Cohort Study</article-title>
            <source>
              <italic>Epidemiology and Psychiatric Sciences</italic>
            </source>
            <year>2020</year>
            <pub-id pub-id-type="doi">10.1017/S2045796020000049</pub-id>
          </element-citation>
        </ref>
        <ref id="B12" content-type="article">
          <label>12</label>
          <element-citation publication-type="journal">
            <person-group person-group-type="author">
              <name>
                <surname>Nouwen</surname>
                <given-names>A.</given-names>
              </name>
              <name>
                <surname>Adriaanse</surname>
                <given-names>M. C.</given-names>
              </name>
              <name>
                <surname>van Dam</surname>
                <given-names>K.</given-names>
              </name>
              <etal/>
            </person-group>
            <article-title>Longitudinal Associations Between Depression and Diabetes Complications: A Systematic Review and Meta-Analysis</article-title>
            <source>
              <italic>Diabetic Medicine</italic>
            </source>
            <year>2019</year>
            <volume>36</volume>
            <issue>12</issue>
            <fpage>1562</fpage>
            <lpage>1572</lpage>
            <pub-id pub-id-type="doi">10.1111/dme.14054</pub-id>
            <pub-id pub-id-type="other">2-s2.0-85069936080</pub-id>
            <pub-id pub-id-type="pmid">31215077</pub-id>
          </element-citation>
        </ref>
        <ref id="B13" content-type="article">
          <label>13</label>
          <element-citation publication-type="journal">
            <person-group person-group-type="author">
              <name>
                <surname>Egede</surname>
                <given-names>L. E.</given-names>
              </name>
              <name>
                <surname>Bishu</surname>
                <given-names>K. G.</given-names>
              </name>
              <name>
                <surname>Walker</surname>
                <given-names>R. J.</given-names>
              </name>
              <name>
                <surname>Dismuke</surname>
                <given-names>C. E.</given-names>
              </name>
            </person-group>
            <article-title>Impact of Diagnosed Depression on Healthcare Costs in Adults With and Without Diabetes: United States, 2004—2011</article-title>
            <source>
              <italic>Journal of Affective Disorders</italic>
            </source>
            <year>2016</year>
            <volume>195</volume>
            <fpage>119</fpage>
            <lpage>126</lpage>
            <pub-id pub-id-type="doi">10.1016/j.jad.2016.02.011</pub-id>
            <pub-id pub-id-type="other">2-s2.0-84960892092</pub-id>
            <pub-id pub-id-type="pmid">26890289</pub-id>
          </element-citation>
        </ref>
        <ref id="B14" content-type="article">
          <label>14</label>
          <element-citation publication-type="journal">
            <person-group person-group-type="author">
              <name>
                <surname>Brüne</surname>
                <given-names>M.</given-names>
              </name>
              <name>
                <surname>Linnenkamp</surname>
                <given-names>U.</given-names>
              </name>
              <name>
                <surname>Andrich</surname>
                <given-names>S.</given-names>
              </name>
              <etal/>
            </person-group>
            <article-title>Health Care Use and Costs in Individuals With Diabetes With and Without Comorbid Depression in Germany: Results of the Cross-Sectional DiaDec Study</article-title>
            <source>
              <italic>Diabetes Care</italic>
            </source>
            <year>2021</year>
            <volume>44</volume>
            <issue>2</issue>
            <fpage>407</fpage>
            <lpage>415</lpage>
            <pub-id pub-id-type="doi">10.2337/dc19-2487</pub-id>
            <pub-id pub-id-type="pmid">33318124</pub-id>
          </element-citation>
        </ref>
        <ref id="B15" content-type="article">
          <label>15</label>
          <element-citation publication-type="journal">
            <person-group person-group-type="author">
              <name>
                <surname>Fernández-Rodrigo</surname>
                <given-names>M. T.</given-names>
              </name>
              <name>
                <surname>Hoyo</surname>
                <given-names>M. L. L.</given-names>
              </name>
              <name>
                <surname>Urcola-Pardo</surname>
                <given-names>F</given-names>
              </name>
              <etal/>
            </person-group>
            <article-title>Treatment Adherence and Wellness, Nutrition, and Physical Activity Outcomes of Diabetic Patients With Comorbid Depression During the 18-Month Follow-Up of the TELE-DD Study</article-title>
            <source>
              <italic>Worldviews on Evidence-Based Nursing</italic>
            </source>
            <year>2024</year>
            <volume>21</volume>
            <issue>5</issue>
            <fpage>582</fpage>
            <lpage>591</lpage>
            <pub-id pub-id-type="doi">10.1111/wvn.12744</pub-id>
            <pub-id pub-id-type="pmid">39315533</pub-id>
          </element-citation>
        </ref>
        <ref id="B16" content-type="article">
          <label>16</label>
          <element-citation publication-type="journal">
            <person-group person-group-type="author">
              <name>
                <surname>Powers</surname>
                <given-names>M. A.</given-names>
              </name>
              <name>
                <surname>Bardsley</surname>
                <given-names>J.</given-names>
              </name>
              <name>
                <surname>Cypress</surname>
                <given-names>M.</given-names>
              </name>
              <etal/>
            </person-group>
            <article-title>Diabetes Self-Management Education and Support in Type 2 Diabetes: A Joint Position Statement of the American Diabetes Association, the American Association of Diabetes Educators, and the Academy of Nutrition and Dietetics</article-title>
            <source>
              <italic>Diabetes Care</italic>
            </source>
            <year>2015</year>
            <volume>38</volume>
            <issue>7</issue>
            <fpage>1372</fpage>
            <lpage>1382</lpage>
            <pub-id pub-id-type="doi">10.2337/dc15-0730</pub-id>
            <pub-id pub-id-type="other">2-s2.0-84946922221</pub-id>
            <pub-id pub-id-type="pmid">26048904</pub-id>
          </element-citation>
        </ref>
        <ref id="B17" content-type="misc">
          <label>17</label>
          <element-citation publication-type="other">
            <collab>Instituto Nacional de Estadistica</collab>
            <article-title>Actualización de rentas conel IPC general (sistema IPC base 2021) para periodos anuales completos</article-title>
            <year>2021</year>
            <comment>
              <ext-link xlink:href="https://www.ine.es/calcula/calcula.do" ext-link-type="uri">https://www.ine.es/calcula/calcula.do</ext-link>
            </comment>
          </element-citation>
        </ref>
        <ref id="B18" content-type="article">
          <label>18</label>
          <element-citation publication-type="journal">
            <person-group person-group-type="author">
              <name>
                <surname>Husereau</surname>
                <given-names>D.</given-names>
              </name>
              <name>
                <surname>Drummond</surname>
                <given-names>M.</given-names>
              </name>
              <name>
                <surname>Augustovski</surname>
                <given-names>F.</given-names>
              </name>
              <etal/>
            </person-group>
            <article-title>Consolidated Health Economic Evaluation Reporting Standards 2022 (CHEERS 2022) Statement: Updated Reporting Guidance for Health Economic Evaluations</article-title>
            <source>
              <italic>Value in Health</italic>
            </source>
            <year>2022</year>
            <volume>25</volume>
            <issue>1</issue>
            <fpage>3</fpage>
            <lpage>9</lpage>
            <pub-id pub-id-type="doi">10.1016/j.jval.2021.11.1351</pub-id>
            <pub-id pub-id-type="pmid">35031096</pub-id>
          </element-citation>
        </ref>
        <ref id="B19" content-type="article">
          <label>19</label>
          <element-citation publication-type="journal">
            <person-group person-group-type="author">
              <name>
                <surname>Martín-Fernández</surname>
                <given-names>J.</given-names>
              </name>
              <name>
                <surname>Rodríguez-Martínez</surname>
                <given-names>G.</given-names>
              </name>
              <name>
                <surname>Ariza-Cardiel</surname>
                <given-names>G.</given-names>
              </name>
              <name>
                <surname>Vergel Gutierrez</surname>
                <given-names>M. Á.</given-names>
              </name>
              <name>
                <surname>Hidalgo Escudero</surname>
                <given-names>A. V.</given-names>
              </name>
              <name>
                <surname>Conde-López</surname>
                <given-names>J. F.</given-names>
              </name>
            </person-group>
            <article-title>Variables que condicionan la utilización de la consulta de enfermería en centros de salud de la Comunidad de Madrid</article-title>
            <source>
              <italic>Revista Española de Salud Pública</italic>
            </source>
            <year>2013</year>
            <volume>87</volume>
            <issue>4</issue>
            <fpage>383</fpage>
            <lpage>392</lpage>
            <pub-id pub-id-type="doi">10.4321/s1135-57272013000400008</pub-id>
            <pub-id pub-id-type="other">2-s2.0-84887031046</pub-id>
            <pub-id pub-id-type="pmid">24100776</pub-id>
          </element-citation>
        </ref>
        <ref id="B20" content-type="article">
          <label>20</label>
          <element-citation publication-type="journal">
            <person-group person-group-type="author">
              <name>
                <surname>Hoyo</surname>
                <given-names>M. L. L. d.</given-names>
              </name>
              <name>
                <surname>Rodrigo</surname>
                <given-names>M. T. F.</given-names>
              </name>
              <name>
                <surname>Urcola-Pardo</surname>
                <given-names>F.</given-names>
              </name>
              <etal/>
            </person-group>
            <article-title>The TELE-DD Randomised Controlled Trial on Treatment Adherence in Patients With Type 2 Diabetes and Comorbid Depression: Clinical Outcomes After 18-Month Follow-Up</article-title>
            <source>
              <italic>International Journal of Environmental Research and Public Health</italic>
            </source>
            <year>2022</year>
            <volume>20</volume>
            <issue>1</issue>
            <fpage>p. 328</fpage>
            <pub-id pub-id-type="doi">10.3390/ijerph20010328</pub-id>
            <pub-id pub-id-type="pmid">36612650</pub-id>
          </element-citation>
        </ref>
        <ref id="B21" content-type="article">
          <label>21</label>
          <element-citation publication-type="journal">
            <person-group person-group-type="author">
              <name>
                <surname>Mata-Cases</surname>
                <given-names>M.</given-names>
              </name>
              <name>
                <surname>Casajuana</surname>
                <given-names>M.</given-names>
              </name>
              <name>
                <surname>Franch-Nadal</surname>
                <given-names>J.</given-names>
              </name>
              <etal/>
            </person-group>
            <article-title>Direct Medical Costs Attributable to Type 2 Diabetes Mellitus: A Population-Based Study in Catalonia, Spain</article-title>
            <source>
              <italic>The European Journal of Health Economics</italic>
            </source>
            <year>2016</year>
            <volume>17</volume>
            <issue>8</issue>
            <fpage>1001</fpage>
            <lpage>1010</lpage>
            <pub-id pub-id-type="doi">10.1007/s10198-015-0742-5</pub-id>
            <pub-id pub-id-type="other">2-s2.0-84946423498</pub-id>
            <pub-id pub-id-type="pmid">26542160</pub-id>
          </element-citation>
        </ref>
        <ref id="B22" content-type="article">
          <label>22</label>
          <element-citation publication-type="journal">
            <person-group person-group-type="author">
              <name>
                <surname>Roy</surname>
                <given-names>J. F.</given-names>
              </name>
              <name>
                <surname>Lozano Del Hoyo</surname>
                <given-names>M. L.</given-names>
              </name>
              <name>
                <surname>Urcola-Pardo</surname>
                <given-names>F.</given-names>
              </name>
              <etal/>
            </person-group>
            <article-title>The TELEDD Project on Treatment Nonadherence in the Population With Type 2 Diabetes and Comorbid Depression</article-title>
            <source>
              <italic>Scientific Reports</italic>
            </source>
            <year>2021</year>
            <volume>11</volume>
            <issue>1</issue>
            <pub-id pub-id-type="doi">10.1038/s41598-021-87410-9</pub-id>
          </element-citation>
        </ref>
        <ref id="B23" content-type="article">
          <label>23</label>
          <element-citation publication-type="journal">
            <person-group person-group-type="author">
              <name>
                <surname>Smith</surname>
                <given-names>V. A.</given-names>
              </name>
              <name>
                <surname>Morgan</surname>
                <given-names>P. A.</given-names>
              </name>
              <name>
                <surname>Edelman</surname>
                <given-names>D.</given-names>
              </name>
              <etal/>
            </person-group>
            <article-title>Utilization and Costs by Primary Care Provider Type: Are There Differences Among Diabetic Patients of Physicians, Nurse Practitioners, and Physician Assistants?</article-title>
            <source>
              <italic>Medical Care</italic>
            </source>
            <year>2020</year>
            <volume>58</volume>
            <issue>8</issue>
            <fpage>681</fpage>
            <lpage>688</lpage>
            <pub-id pub-id-type="doi">10.1097/MLR.0000000000001326</pub-id>
            <pub-id pub-id-type="pmid">32265355</pub-id>
          </element-citation>
        </ref>
        <ref id="B24" content-type="article">
          <label>24</label>
          <element-citation publication-type="journal">
            <person-group person-group-type="author">
              <name>
                <surname>Liu</surname>
                <given-names>C. F.</given-names>
              </name>
              <name>
                <surname>Hebert</surname>
                <given-names>P. L.</given-names>
              </name>
              <name>
                <surname>Douglas</surname>
                <given-names>J. H.</given-names>
              </name>
              <etal/>
            </person-group>
            <article-title>Outcomes of Primary Care Delivery by Nurse Practitioners: Utilization, Cost, and Quality of Care</article-title>
            <source>
              <italic>Health Services Research</italic>
            </source>
            <year>2020</year>
            <volume>55</volume>
            <issue>2</issue>
            <fpage>178</fpage>
            <lpage>189</lpage>
            <pub-id pub-id-type="doi">10.1111/1475-6773.13246</pub-id>
            <pub-id pub-id-type="pmid">31943190</pub-id>
          </element-citation>
        </ref>
        <ref id="B25" content-type="article">
          <label>25</label>
          <element-citation publication-type="journal">
            <person-group person-group-type="author">
              <name>
                <surname>Morgan</surname>
                <given-names>P. A.</given-names>
              </name>
              <name>
                <surname>Smith</surname>
                <given-names>V. A.</given-names>
              </name>
              <name>
                <surname>Berkowitz</surname>
                <given-names>T. S. Z.</given-names>
              </name>
              <etal/>
            </person-group>
            <article-title>Impact of Physicians, Nurse Practitioners, and Physician Assistants on Utilization and Costs for Complex Patients</article-title>
            <source>
              <italic>Health Affairs</italic>
            </source>
            <year>2019</year>
            <volume>38</volume>
            <issue>6</issue>
            <fpage>1028</fpage>
            <lpage>1036</lpage>
            <pub-id pub-id-type="doi">10.1377/hlthaff.2019.00014</pub-id>
            <pub-id pub-id-type="other">2-s2.0-85067205059</pub-id>
            <pub-id pub-id-type="pmid">31158006</pub-id>
          </element-citation>
        </ref>
        <ref id="B26" content-type="article">
          <label>26</label>
          <element-citation publication-type="journal">
            <person-group person-group-type="author">
              <name>
                <surname>Dahal</surname>
                <given-names>P. K.</given-names>
              </name>
              <name>
                <surname>Rawal</surname>
                <given-names>L. B.</given-names>
              </name>
              <name>
                <surname>Mahumud</surname>
                <given-names>R. A.</given-names>
              </name>
              <name>
                <surname>Paudel</surname>
                <given-names>G.</given-names>
              </name>
              <name>
                <surname>Sugishita</surname>
                <given-names>T.</given-names>
              </name>
              <name>
                <surname>Vandelanotte</surname>
                <given-names>C.</given-names>
              </name>
            </person-group>
            <article-title>Economic Evaluation of Health Behavior Interventions to Prevent and Manage Type 2 Diabetes Mellitus in Asia: A Systematic Review of Randomized Controlled Trials</article-title>
            <source>
              <italic>International Journal of Environmental Research and Public Health</italic>
            </source>
            <year>2022</year>
            <volume>19</volume>
            <issue>17</issue>
            <fpage>p. 10799</fpage>
            <pub-id pub-id-type="doi">10.3390/ijerph191710799</pub-id>
          </element-citation>
        </ref>
        <ref id="B27" content-type="article">
          <label>27</label>
          <element-citation publication-type="journal">
            <person-group person-group-type="author">
              <name>
                <surname>Winkley</surname>
                <given-names>K.</given-names>
              </name>
              <name>
                <surname>Upsher</surname>
                <given-names>R.</given-names>
              </name>
              <name>
                <surname>Stahl</surname>
                <given-names>D.</given-names>
              </name>
              <etal/>
            </person-group>
            <article-title>Psychological Interventions to Improve Self-Management of Type 1 and Type 2 Diabetes: A Systematic Review</article-title>
            <source>
              <italic>Health Technology Assessment</italic>
            </source>
            <year>2020</year>
            <volume>24</volume>
            <issue>28</issue>
            <fpage>1</fpage>
            <lpage>232</lpage>
            <pub-id pub-id-type="doi">10.3310/hta24280</pub-id>
          </element-citation>
        </ref>
        <ref id="B28" content-type="article">
          <label>28</label>
          <element-citation publication-type="journal">
            <person-group person-group-type="author">
              <name>
                <surname>Jalali</surname>
                <given-names>N.</given-names>
              </name>
              <name>
                <surname>Taghavi Kojidi</surname>
                <given-names>H.</given-names>
              </name>
              <name>
                <surname>Badrfam</surname>
                <given-names>R.</given-names>
              </name>
              <name>
                <surname>Zandifar</surname>
                <given-names>A.</given-names>
              </name>
            </person-group>
            <article-title>The Relationship Between Personality Disorder, Depression and Eating Disorder With Treatment Adherence in Patients With Type 2 Diabetes: A Cross-Sectional Study in Diabetic Patients in Iran</article-title>
            <source>
              <italic>Journal of Diabetes and Metabolic Disorders</italic>
            </source>
            <year>2021</year>
            <volume>20</volume>
            <issue>1</issue>
            <fpage>153</fpage>
            <lpage>159</lpage>
            <pub-id pub-id-type="doi">10.1007/s40200-020-00722-x</pub-id>
            <pub-id pub-id-type="pmid">34178827</pub-id>
          </element-citation>
        </ref>
        <ref id="B29" content-type="article">
          <label>29</label>
          <element-citation publication-type="journal">
            <person-group person-group-type="author">
              <name>
                <surname>Adhikary</surname>
                <given-names>D.</given-names>
              </name>
              <name>
                <surname>Barman</surname>
                <given-names>S.</given-names>
              </name>
              <name>
                <surname>Ranjan</surname>
                <given-names>R.</given-names>
              </name>
            </person-group>
            <article-title>Internet-Based Cognitive Behavioural Therapy for Individuals With Depression and Chronic Health Conditions: A Systematic Review</article-title>
            <source>
              <italic>A Systematic Review Cureus</italic>
            </source>
            <year>2023</year>
            <volume>15</volume>
            <issue>4</issue>
            <pub-id pub-id-type="doi">10.7759/cureus.37822</pub-id>
          </element-citation>
        </ref>
        <ref id="B30" content-type="article">
          <label>30</label>
          <element-citation publication-type="journal">
            <person-group person-group-type="author">
              <name>
                <surname>Scott</surname>
                <given-names>A. J.</given-names>
              </name>
              <name>
                <surname>Bisby</surname>
                <given-names>M. A.</given-names>
              </name>
              <name>
                <surname>Heriseanu</surname>
                <given-names>A. I.</given-names>
              </name>
              <etal/>
            </person-group>
            <article-title>Cognitive Behavioral Therapies for Depression and Anxiety in People With Chronic Disease: A Systematic Review and Meta-Analysis</article-title>
            <source>
              <italic>Clinical Psychology Review</italic>
            </source>
            <year>2023</year>
            <volume>106</volume>
            <fpage>p. 102353</fpage>
            <pub-id pub-id-type="doi">10.1016/j.cpr.2023.102353</pub-id>
          </element-citation>
        </ref>
        <ref id="B31" content-type="article">
          <label>31</label>
          <element-citation publication-type="journal">
            <person-group person-group-type="author">
              <name>
                <surname>An</surname>
                <given-names>Q.</given-names>
              </name>
              <name>
                <surname>Yu</surname>
                <given-names>Z.</given-names>
              </name>
              <name>
                <surname>Sun</surname>
                <given-names>F.</given-names>
              </name>
              <name>
                <surname>Chen</surname>
                <given-names>J.</given-names>
              </name>
              <name>
                <surname>Zhang</surname>
                <given-names>A.</given-names>
              </name>
            </person-group>
            <article-title>The Effectiveness of Cognitive Behavioral Therapy for Depression Among Individuals With Diabetes: A Systematic Review and Meta-Analysis</article-title>
            <source>
              <italic>Current Diabetes Reports</italic>
            </source>
            <year>2023</year>
            <volume>23</volume>
            <issue>9</issue>
            <fpage>245</fpage>
            <lpage>252</lpage>
            <pub-id pub-id-type="doi">10.1007/s11892023-01517-z</pub-id>
            <pub-id pub-id-type="pmid">37329442</pub-id>
          </element-citation>
        </ref>
        <ref id="B32" content-type="article">
          <label>32</label>
          <element-citation publication-type="journal">
            <person-group person-group-type="author">
              <name>
                <surname>Youngkong</surname>
                <given-names>S.</given-names>
              </name>
              <name>
                <surname>Baltussen</surname>
                <given-names>R.</given-names>
              </name>
              <name>
                <surname>Tantivess</surname>
                <given-names>S.</given-names>
              </name>
              <name>
                <surname>Mohara</surname>
                <given-names>A.</given-names>
              </name>
              <name>
                <surname>Teerawattananon</surname>
                <given-names>Y.</given-names>
              </name>
            </person-group>
            <article-title>Multicriteria Decision Analysis for Including Health Interventions in the Universal Health Coverage Benefit Package in Thailand</article-title>
            <source>
              <italic>Value in Health</italic>
            </source>
            <year>2012</year>
            <volume>15</volume>
            <issue>6</issue>
            <fpage>961</fpage>
            <lpage>970</lpage>
            <pub-id pub-id-type="doi">10.1016/j.jval.2012.06.006</pub-id>
            <pub-id pub-id-type="other">2-s2.0-84866430965</pub-id>
            <pub-id pub-id-type="pmid">22999148</pub-id>
          </element-citation>
        </ref>
        <ref id="B33" content-type="article">
          <label>33</label>
          <element-citation publication-type="journal">
            <person-group person-group-type="author">
              <name>
                <surname>Odnoletkova</surname>
                <given-names>I.</given-names>
              </name>
              <name>
                <surname>Ramaekers</surname>
                <given-names>D.</given-names>
              </name>
              <name>
                <surname>Nobels</surname>
                <given-names>F.</given-names>
              </name>
              <name>
                <surname>Goderis</surname>
                <given-names>G.</given-names>
              </name>
              <name>
                <surname>Aertgeerts</surname>
                <given-names>B.</given-names>
              </name>
              <name>
                <surname>Annemans</surname>
                <given-names>L.</given-names>
              </name>
            </person-group>
            <article-title>Delivering Diabetes Education Through Nurse-Led Telecoaching. Cost-Effectiveness Analysis</article-title>
            <source>
              <italic>PLoS One</italic>
            </source>
            <year>2016</year>
            <volume>11</volume>
            <issue>10</issue>
            <fpage>p. e0163997</fpage>
            <pub-id pub-id-type="doi">10.1371/journal.pone.0163997</pub-id>
            <pub-id pub-id-type="other">2-s2.0-84991489580</pub-id>
          </element-citation>
        </ref>
        <ref id="B34" content-type="article">
          <label>34</label>
          <element-citation publication-type="journal">
            <person-group person-group-type="author">
              <name>
                <surname>Lopez-Bastida</surname>
                <given-names>J.</given-names>
              </name>
              <name>
                <surname>Boronat</surname>
                <given-names>M.</given-names>
              </name>
              <name>
                <surname>Moreno</surname>
                <given-names>J. O.</given-names>
              </name>
              <name>
                <surname>Schurer</surname>
                <given-names>W.</given-names>
              </name>
            </person-group>
            <article-title>Costs, Outcomes and Challenges for Diabetes Care in Spain</article-title>
            <source>
              <italic>Globalization and Health</italic>
            </source>
            <year>2013</year>
            <volume>9</volume>
            <issue>1</issue>
            <fpage>p. 17</fpage>
            <pub-id pub-id-type="doi">10.1186/1744-8603-9-17</pub-id>
            <pub-id pub-id-type="other">2-s2.0-84876810972</pub-id>
          </element-citation>
        </ref>
      </ref-list>
    </back>
    <floats-group>
      <fig position="float" id="fig1">
        <label>Figure 1</label>
        <caption>
          <p>Mean cost per controlled T2DM patient (CI 95%) at 6, 12, and 18 months (€).</p>
        </caption>
        <graphic xlink:href="JONM2024-9989080.001" position="float"/>
      </fig>
      <fig position="float" id="fig2">
        <label>Figure 2</label>
        <caption>
          <p>ICER in 6, 12, and 18 months in cost-effectiveness plane.</p>
        </caption>
        <graphic xlink:href="JONM2024-9989080.002" position="float"/>
      </fig>
      <table-wrap position="float" id="tab1">
        <label>Table 1</label>
        <caption>
          <p>Results of the TELE-DD program.</p>
        </caption>
        <table frame="hsides" rules="groups">
          <thead>
            <tr>
              <th align="left" rowspan="1" colspan="1">Patients with HbA1c &lt; 7%</th>
              <th align="center" rowspan="1" colspan="1">TELE-DD + usual care <italic>n</italic>; % (IC 95%)</th>
              <th align="center" rowspan="1" colspan="1">Usual care <italic>n</italic>; % (IC 95%)</th>
            </tr>
          </thead>
          <tbody>
            <tr>
              <td align="left" rowspan="1" colspan="1">6 months</td>
              <td align="center" rowspan="1" colspan="1">50; 25.3 (19.2–31.3)</td>
              <td align="center" rowspan="1" colspan="1">23; 11.6 (7.2–16.1)</td>
            </tr>
            <tr>
              <td align="left" rowspan="1" colspan="1">12 months</td>
              <td align="center" rowspan="1" colspan="1">106; 54.4 (47.4–61.4)</td>
              <td align="center" rowspan="1" colspan="1">19; 9.8 (5.6–14.0)</td>
            </tr>
            <tr>
              <td align="left" rowspan="1" colspan="1">18 months</td>
              <td align="center" rowspan="1" colspan="1">113; 59.2 (52.2–66.1)</td>
              <td align="center" rowspan="1" colspan="1">18; 9.4 (5.3–13.6)</td>
            </tr>
          </tbody>
        </table>
        <table-wrap-foot>
          <fn>
            <p><italic>Note:</italic> Percentage of patients with HbA1c &lt; 7%.</p>
          </fn>
          <fn>
            <p>Abbreviations: CI, confidence interval; HbA1c, glycated hemoglobin type A1c.</p>
          </fn>
        </table-wrap-foot>
      </table-wrap>
      <table-wrap position="float" id="tab2">
        <label>Table 2</label>
        <caption>
          <p>The cost per patient. Intervention and control group cost.</p>
        </caption>
        <table frame="hsides" rules="groups">
          <thead>
            <tr>
              <th align="left" rowspan="1" colspan="1"> </th>
              <th align="center" rowspan="1" colspan="1">TELE-DD + usual care</th>
              <th align="center" rowspan="1" colspan="1">Usual care</th>
            </tr>
          </thead>
          <tbody>
            <tr>
              <td align="left" rowspan="1" colspan="1">Minutes of intervention per semester</td>
              <td align="center" rowspan="1" colspan="1">120</td>
              <td align="center" rowspan="1" colspan="1">—</td>
            </tr>
            <tr>
              <td align="left" rowspan="1" colspan="1">Routine care per semester</td>
              <td align="center" rowspan="1" colspan="1">20</td>
              <td align="center" rowspan="1" colspan="1">20</td>
            </tr>
            <tr>
              <td align="left" rowspan="1" colspan="1">Cost per patient at 6 months (€)</td>
              <td align="center" rowspan="1" colspan="1">40.48</td>
              <td align="center" rowspan="1" colspan="1">5.78</td>
            </tr>
            <tr>
              <td align="left" rowspan="1" colspan="1">Cost per patient at 12 months (€)</td>
              <td align="center" rowspan="1" colspan="1">80.97</td>
              <td align="center" rowspan="1" colspan="1">11.57</td>
            </tr>
            <tr>
              <td align="left" rowspan="1" colspan="1">Cost per patient at 18 months (€)</td>
              <td align="center" rowspan="1" colspan="1">121.45</td>
              <td align="center" rowspan="1" colspan="1">17.35</td>
            </tr>
          </tbody>
        </table>
        <table-wrap-foot>
          <fn>
            <p>Abbreviation: €, euro.</p>
          </fn>
        </table-wrap-foot>
      </table-wrap>
      <table-wrap position="float" id="tab3">
        <label>Table 3</label>
        <caption>
          <p>Parameters considered in the budget impact model.</p>
        </caption>
        <table frame="hsides" rules="groups">
          <thead>
            <tr>
              <th align="left" rowspan="1" colspan="1">Parameter</th>
              <th align="center" rowspan="1" colspan="1">Value</th>
              <th align="center" rowspan="1" colspan="1">Source</th>
            </tr>
          </thead>
          <tbody>
            <tr>
              <td align="left" rowspan="1" colspan="1">Population of Aragon over 18 years old</td>
              <td align="center" rowspan="1" colspan="1">1.107.072</td>
              <td align="center" rowspan="1" colspan="1">National Statistics Institute (INE) [<xref rid="B17" ref-type="bibr">17</xref>]</td>
            </tr>
            <tr>
              <td align="left" rowspan="1" colspan="1">Target population (T2DM + depression + nonadherence)</td>
              <td align="center" rowspan="1" colspan="1">0.333%</td>
              <td align="center" rowspan="1" colspan="1">Roy et al., 2021 [<xref rid="B20" ref-type="bibr">20</xref>]</td>
            </tr>
            <tr>
              <td align="left" rowspan="1" colspan="1">Cost per patient with <xref rid="fn1" ref-type="table-fn">T2DM∗</xref><break/>Controlled<break/>Uncontrolled</td>
              <td align="center" rowspan="1" colspan="1">€3.628.56<break/>€4.224.02</td>
              <td align="center" rowspan="1" colspan="1">Mata-Cases et al., 2016 [<xref rid="B21" ref-type="bibr">21</xref>]</td>
            </tr>
          </tbody>
        </table>
        <table-wrap-foot>
          <fn>
            <p>Abbreviation: T2DM, Type 2 diabetes mellitus.</p>
          </fn>
          <fn id="fn1">
            <p><sup>∗</sup>Prices updated to € of 2023 (National Statistics Institute (INE) of Spain, n.d.).</p>
          </fn>
        </table-wrap-foot>
      </table-wrap>
      <table-wrap position="float" id="tab4">
        <label>Table 4</label>
        <caption>
          <p>MCER and ICER cost per patient. Cost- effectiveness results.</p>
        </caption>
        <table frame="hsides" rules="groups">
          <thead>
            <tr>
              <th align="left" rowspan="1" colspan="1">Results at 6 months</th>
              <th align="center" rowspan="1" colspan="1">TELE-DD + usual care (<italic>n</italic> = 198)</th>
              <th align="center" rowspan="1" colspan="1">Usual care (<italic>n</italic> = 198)</th>
            </tr>
          </thead>
          <tbody>
            <tr>
              <td align="left" rowspan="1" colspan="1">Costs (€)</td>
              <td align="center" rowspan="1" colspan="1">8.015,70</td>
              <td align="center" rowspan="1" colspan="1">1.145,10</td>
            </tr>
            <tr>
              <td align="left" rowspan="1" colspan="1">No. of controlled patients (CI 95%)</td>
              <td align="center" rowspan="1" colspan="1">50 (38–62)</td>
              <td align="center" rowspan="1" colspan="1">23 (14–32)</td>
            </tr>
            <tr>
              <td align="left" rowspan="1" colspan="1">MCER, base case (less favorable–more favorable) (€)</td>
              <td align="center" rowspan="1" colspan="1">160.31 (210.84–129.32)</td>
              <td align="center" rowspan="1" colspan="1">49.79 (80.85–35.97)</td>
            </tr>
            <tr>
              <td align="left" rowspan="1" colspan="1">ICER base case (less favorable–more favorable) (€)</td>
              <td colspan="2" align="center" rowspan="1">254.47 (288.02–227.92)</td>
            </tr>
            <tr>
              <td align="left" rowspan="1" colspan="1">Results at 12 months</td>
              <td align="center" rowspan="1" colspan="1">TELE-DD + usual care (<italic>n</italic> = 195)</td>
              <td align="center" rowspan="1" colspan="1">Usual care (<italic>n</italic> = 194)</td>
            </tr>
            <tr>
              <td align="left" rowspan="1" colspan="1">Costs (€)</td>
              <td align="center" rowspan="1" colspan="1">15.909,95</td>
              <td align="center" rowspan="1" colspan="1">3.412,17</td>
            </tr>
            <tr>
              <td align="left" rowspan="1" colspan="1">No. of controlled patients (CI 95%)</td>
              <td align="center" rowspan="1" colspan="1">106 (92–120)</td>
              <td align="center" rowspan="1" colspan="1">19 (11–27)</td>
            </tr>
            <tr>
              <td align="left" rowspan="1" colspan="1">MCER, base case (less favorable–more favorable) (€)</td>
              <td align="center" rowspan="1" colspan="1">150.09 (172.25–132.99)</td>
              <td align="center" rowspan="1" colspan="1">179.59 (313.45–125.84)</td>
            </tr>
            <tr>
              <td align="left" rowspan="1" colspan="1">ICER base case (less favorable–more favorable) (€)</td>
              <td colspan="2" align="center" rowspan="1">143.65 (153.38–135.08)</td>
            </tr>
            <tr>
              <td align="left" rowspan="1" colspan="1">Results at 18 months</td>
              <td align="center" rowspan="1" colspan="1">TELE-DD + usual care (<italic>n</italic> = 191)</td>
              <td align="center" rowspan="1" colspan="1">Usual care (<italic>n</italic> = 191)</td>
            </tr>
            <tr>
              <td align="left" rowspan="1" colspan="1">Costs (€)</td>
              <td align="center" rowspan="1" colspan="1">23.642,27</td>
              <td align="center" rowspan="1" colspan="1">6.783,85</td>
            </tr>
            <tr>
              <td align="left" rowspan="1" colspan="1">No. of controlled patients (CI 95%)</td>
              <td align="center" rowspan="1" colspan="1">113 (100–126)</td>
              <td align="center" rowspan="1" colspan="1">18 (10–26)</td>
            </tr>
            <tr>
              <td align="left" rowspan="1" colspan="1">MCER, base case (less favorable–more favorable) (€)</td>
              <td align="center" rowspan="1" colspan="1">209.22 (213.17–187.17)</td>
              <td align="center" rowspan="1" colspan="1">376.88 (672.60–261.78)</td>
            </tr>
            <tr>
              <td align="left" rowspan="1" colspan="1">ICER base case (less favorable–more favorable) (€)</td>
              <td colspan="2" align="center" rowspan="1">177.46 (188.15–167.91)</td>
            </tr>
          </tbody>
        </table>
        <table-wrap-foot>
          <fn>
            <p>Abbreviations: CI, confidence interval; ICER, incremental cost-effectiveness ratio; MCER, mean cost-effectiveness ratio.</p>
          </fn>
        </table-wrap-foot>
      </table-wrap>
      <table-wrap position="float" id="tab5">
        <label>Table 5</label>
        <caption>
          <p>Target population for budget impact calculation.</p>
        </caption>
        <table frame="hsides" rules="groups">
          <thead>
            <tr>
              <th align="left" rowspan="1" colspan="1">Description</th>
              <th align="center" rowspan="1" colspan="1">Data</th>
              <th align="center" rowspan="1" colspan="1">People</th>
            </tr>
          </thead>
          <tbody>
            <tr>
              <td align="left" rowspan="1" colspan="1">Population of Aragon over 18 years old (National Statistics Institute, n.d.)</td>
              <td align="center" rowspan="1" colspan="1"> </td>
              <td align="center" rowspan="1" colspan="1">1.107.072</td>
            </tr>
            <tr>
              <td align="left" rowspan="1" colspan="1">% Target population (T2DM + depression + nonadherence) [<xref rid="B20" ref-type="bibr">20</xref>]</td>
              <td align="center" rowspan="1" colspan="1">0.333%</td>
              <td align="center" rowspan="1" colspan="1">3.690</td>
            </tr>
            <tr>
              <td align="left" rowspan="1" colspan="1">% Poorly controlled patients [<xref rid="B20" ref-type="bibr">20</xref>]</td>
              <td align="center" rowspan="1" colspan="1">86.2%</td>
              <td align="center" rowspan="1" colspan="1"> </td>
            </tr>
            <tr>
              <td align="left" rowspan="1" colspan="1">Poorly controlled DM patients, baseline</td>
              <td align="center" rowspan="1" colspan="1"> </td>
              <td align="center" rowspan="1" colspan="1">3.181</td>
            </tr>
            <tr>
              <td align="left" rowspan="1" colspan="1">Well-controlled DM patients, baseline</td>
              <td align="center" rowspan="1" colspan="1"> </td>
              <td align="center" rowspan="1" colspan="1">509</td>
            </tr>
          </tbody>
        </table>
        <table-wrap-foot>
          <fn>
            <p>Abbreviation: %, percentage.</p>
          </fn>
        </table-wrap-foot>
      </table-wrap>
      <table-wrap position="float" id="tab6">
        <label>Table 6</label>
        <caption>
          <p>Budget impact of TELE-DD implementation due to T2DM control.</p>
        </caption>
        <table frame="hsides" rules="groups">
          <thead>
            <tr>
              <th align="left" rowspan="1" colspan="1">Description</th>
              <th align="center" rowspan="1" colspan="1">TELE-DD + usual care</th>
              <th align="center" rowspan="1" colspan="1">Usual care</th>
            </tr>
          </thead>
          <tbody>
            <tr>
              <td align="left" rowspan="1" colspan="1">% of patients controlled per year</td>
              <td align="center" rowspan="1" colspan="1">54.4%</td>
              <td align="center" rowspan="1" colspan="1">9.8%</td>
            </tr>
            <tr>
              <td align="left" rowspan="1" colspan="1">Patients controlled per year</td>
              <td align="center" rowspan="1" colspan="1">1.729</td>
              <td align="center" rowspan="1" colspan="1">311</td>
            </tr>
            <tr>
              <td align="left" rowspan="1" colspan="1">Patients not controlled per year</td>
              <td align="center" rowspan="1" colspan="1">1.451</td>
              <td align="center" rowspan="1" colspan="1">2.869</td>
            </tr>
            <tr>
              <td align="left" rowspan="1" colspan="1">Cost of controlled patients (€)</td>
              <td align="center" rowspan="1" colspan="1">6.273.780,24</td>
              <td align="center" rowspan="1" colspan="1">1.128.482,16</td>
            </tr>
            <tr>
              <td align="left" rowspan="1" colspan="1">Cost of noncontrolled patients (€)</td>
              <td align="center" rowspan="1" colspan="1">6.129.053,02</td>
              <td align="center" rowspan="1" colspan="1">12.118.713,38</td>
            </tr>
            <tr>
              <td align="left" rowspan="1" colspan="1">Three TELE-DD coordinating nurses (€)</td>
              <td align="center" rowspan="1" colspan="1">122.421,60</td>
              <td align="center" rowspan="1" colspan="1">—</td>
            </tr>
            <tr>
              <td align="left" rowspan="1" colspan="1">Total cost (€)</td>
              <td align="center" rowspan="1" colspan="1">12.525.254,86</td>
              <td align="center" rowspan="1" colspan="1">13.247.195,54</td>
            </tr>
            <tr>
              <td align="left" rowspan="1" colspan="1">TELE-DD-standard treatment difference (€)</td>
              <td align="center" rowspan="1" colspan="1">−721.940.68</td>
              <td align="center" rowspan="1" colspan="1"> </td>
            </tr>
          </tbody>
        </table>
        <table-wrap-foot>
          <fn>
            <p><italic>Note:</italic> Negative values indicate cost savings with TELE-DD compared to standard treatment.</p>
          </fn>
          <fn>
            <p>Abbreviation: €, euro.</p>
          </fn>
        </table-wrap-foot>
      </table-wrap>
    </floats-group>
  </article>
</pmc-articleset>
