<pmc-articleset>
  <article xmlns:mml="http://www.w3.org/1998/Math/MathML" xmlns:xlink="http://www.w3.org/1999/xlink" dtd-version="1.3" xml:lang="en" article-type="research-article">
    <!--The publisher of this article does not allow downloading of the full text in XML form.-->
    <processing-meta base-tagset="archiving" mathml-version="3.0" table-model="xhtml" tagset-family="jats">
      <restricted-by>pmc</restricted-by>
    </processing-meta>
    <front>
      <journal-meta>
        <journal-id journal-id-type="nlm-ta">J Manag Care Spec Pharm</journal-id>
        <journal-id journal-id-type="iso-abbrev">J Manag Care Spec Pharm</journal-id>
        <journal-id journal-id-type="publisher-id">jmcsp</journal-id>
        <journal-title-group>
          <journal-title>Journal of Managed Care &amp; Specialty Pharmacy</journal-title>
        </journal-title-group>
        <issn pub-type="ppub">2376-0540</issn>
        <issn pub-type="epub">2376-1032</issn>
        <publisher>
          <publisher-name>Academy of Managed Care Pharmacy</publisher-name>
        </publisher>
      </journal-meta>
      <article-meta>
        <article-id pub-id-type="pmid">40152799</article-id>
        <article-id pub-id-type="pmc">11953859</article-id>
        <article-id pub-id-type="doi">10.18553/jmcp.2025.31.4.386</article-id>
        <article-categories>
          <subj-group subj-group-type="heading">
            <subject>Research</subject>
          </subj-group>
        </article-categories>
        <title-group>
          <article-title>Economic impact of sotagliflozin among patients with heart failure and type 2 diabetes: Budget impact analysis from the US payer perspective</article-title>
        </title-group>
        <contrib-group>
          <contrib contrib-type="author" corresp="yes">
            <name>
              <surname>Shafrin</surname>
              <given-names>Jason</given-names>
            </name>
            <degrees>PhD</degrees>
            <xref rid="aff1" ref-type="aff"/>
            <xref rid="cor1" ref-type="corresp"/>
          </contrib>
          <contrib contrib-type="author">
            <name>
              <surname>Wang</surname>
              <given-names>Shanshan</given-names>
            </name>
            <degrees>MS</degrees>
            <xref rid="aff1" ref-type="aff"/>
          </contrib>
          <contrib contrib-type="author">
            <name>
              <surname>Kim</surname>
              <given-names>Jaehong</given-names>
            </name>
            <degrees>PhD</degrees>
            <xref rid="aff1" ref-type="aff"/>
          </contrib>
          <contrib contrib-type="author">
            <name>
              <surname>Sikirica</surname>
              <given-names>Slaven</given-names>
            </name>
            <degrees>MBA</degrees>
            <xref rid="aff2" ref-type="aff"/>
          </contrib>
          <aff id="aff1">FTI Consulting, Center for Healthcare Economics and Policy, Los Angeles, CA</aff>
          <aff id="aff2">Lexicon Pharmaceuticals, Inc., Bridgewater, NJ</aff>
        </contrib-group>
        <author-notes>
          <corresp id="cor1">AUTHOR CORRESPONDENCE: Jason Shafrin, +1.213.452.6483; <email>jason.shafrin@fticonsulting.com</email>, <email>jason.shafrin@JasonShafrin</email>
</corresp>
          <fn fn-type="COI-statement">
            <p>Ms Wang, Dr Shafrin, and Dr Kim work for FTI Consulting, a company that provides consulting services to the pharmaceutical, biotech, and health care industries among others. Mr Sikirica is an employee and stockholder of Lexicon Pharmaceuticals. This study was funded by Lexicon Pharmaceuticals, Inc. Lexicon provided input into the initial study concept and design but had no influence over the study execution and the decision to publish, beyond study coauthor Mr Sikirica.</p>
          </fn>
        </author-notes>
        <pub-date pub-type="ppub">
          <month>4</month>
          <year>2025</year>
        </pub-date>
        <volume>31</volume>
        <issue>4</issue>
        <fpage>386</fpage>
        <lpage>395</lpage>
        <permissions>
          <copyright-statement>Copyright © 2025, Academy of Managed Care Pharmacy. All rights reserved.</copyright-statement>
          <copyright-year>2025</copyright-year>
        </permissions>
        <self-uri content-type="pdf" xlink:href="jmcp.2025.31.4.386.pdf"/>
      </article-meta>
    </front>
  </article>
</pmc-articleset>
